CustomerID,AddressID,PolicyNumber,Customer_Name,Age,Phone_Number,Gender
2284760,E567,RAEIKGJS,David Lee,42,0769887579,Male
2895234,H890,531JCN2X,Grace Johnson,30,0777010793,Male
3072403,A123,WVZBD2VF,Henry Lee,23,0767376346,Prefer not to say
3185629,F678,6FBZJICG,Frank Lopez,51,0742877244,Male
2324231,D456,QA8HAJQ8,Henry Lee,33,0788718790,Male
3283082,D456,TIFDV99R,Emma Hill,43,0701858448,Prefer not to say
3256682,E567,L4BU8KWR,Grace Lee,61,0707475702,Prefer not to say
3264149,C345,AMENWWYM,Emma Davis,18,0777552081,Female
2314445,I901,RYRZWAS1,Henry Davis,48,0760446552,Male
2804510,B234,2CVQ65NT,Bob Hill,18,0730471887,Female
2486626,C345,V6CW5SNR,Bob Davis,60,0727469398,Prefer not to say
3173652,F678,ZN5JZQOZ,Bob Martinez,59,0783814583,Male
2745279,E567,381G5IUG,Alice Smith,27,0761384216,Prefer not to say
3216796,A123,260M0LGW,Ivy Martinez,59,0775963440,Female
2964713,A123,HFEJBRE7,Grace Hill,58,0711546554,Male
2509882,B234,A0W77TOY,Bob Martinez,55,0779114969,Prefer not to say
2823728,A123,1JIEMITM,Jack Martinez,54,0713460589,Male
2606152,E567,VGVBSU9F,Emma Smith,33,0760369823,Female
2925886,J012,YYDKOWX9,Alice Martinez,54,0736010041,Other
3126303,B234,MG72WMXP,Charlie Jackson,36,0744225828,Prefer not to say
2537614,C345,R842HTB9,Henry Martinez,46,0743873488,Female
2708290,B234,O0FVMZNG,Charlie Lopez,46,0712037779,Other
2438243,C345,IUM19KME,Emma Martinez,59,0722448051,Other
3047230,A123,NTNBGOC1,Ivy Johnson,46,0799154393,Prefer not to say
2953529,B234,KF0A956A,Grace Garcia,49,0762462316,Male
2824538,C345,CQK4E809,Jack Jackson,49,0703251824,Other
2904648,F678,GH6JYBAY,David Martinez,43,0779415613,Male
2240892,J012,COX7OC4X,Ivy Jackson,49,0759052663,Prefer not to say
2952696,C345,6MUV7YEL,Emma Smith,51,0704127501,Other
2941107,E567,WDH7GLCH,Henry Davis,48,0729055041,Female
3075387,I901,G03GV7WY,Grace Lopez,29,0753546122,Female
2848471,A123,SYDG356N,Emma Garcia,65,0769790141,Female
2519910,E567,1IHZC4T4,Jack Lopez,25,0782526609,Other
2300752,G789,IEK739TU,Jack Johnson,57,0773858639,Male
2373424,I901,UBM7X05F,Jack Johnson,48,0724091963,Other
2720565,E567,94STNLVH,Bob Lee,39,0756170893,Other
2871397,J012,O21FA20F,Charlie Brown,30,0768760649,Prefer not to say
2941267,C345,DIT8SLEB,Henry Martinez,40,0739817451,Female
2231623,E567,698C4SGM,David Jackson,60,0735492445,Male
3053144,F678,9IXB1W5A,Grace Johnson,43,0760073409,Female
2218530,I901,NREJQYH0,Jack Martinez,41,0792734935,Prefer not to say
2795968,J012,HKBDT7GY,Charlie Johnson,51,0789933999,Male
2372707,G789,RE4EKEZX,Alice Lee,29,0704598290,Female
2570180,C345,H3EJ9HO7,Henry Garcia,51,0789282635,Male
2275177,G789,ITMMW56V,David Jackson,56,0750544527,Other
3047779,C345,DP12JLIV,Grace Smith,25,0713488773,Male
2362430,D456,AGR97O7P,Grace Johnson,20,0719442027,Prefer not to say
2642815,E567,4GGZJL72,Bob Hill,40,0799190273,Prefer not to say
2663854,D456,WBXJAKMY,Grace Smith,42,0735524515,Male
2322250,D456,56HJSVY5,Emma Smith,23,0702947015,Male
3035418,E567,L2TNLIA9,David Garcia,39,0724065375,Other
2993352,C345,0S1W5F6Z,Charlie Lopez,32,0737013952,Prefer not to say
2784093,H890,DFIZ7RPS,Alice Garcia,46,0713127676,Male
2727255,H890,3M460QSU,Henry Garcia,60,0706473020,Female
2409052,F678,10WL3Z0W,Emma Brown,24,0733361599,Prefer not to say
3043683,F678,7A676WVX,Henry Johnson,28,0788240250,Other
3118678,B234,REYL6LMR,Ivy Jackson,35,0717234422,Female
3270441,D456,1O1TKULH,David Jackson,46,0754364025,Male
2727934,B234,Q5A17Z81,Jack Lee,55,0754609670,Prefer not to say
2356248,I901,CQIDMEOT,David Martinez,23,0702179571,Male
3276277,H890,F8547Y2L,Grace Davis,48,0747754408,Female
2994957,F678,16IPHWJ1,Bob Martinez,59,0717069283,Other
2917727,I901,ZZG799JX,Ivy Brown,43,0737142059,Prefer not to say
2293633,C345,9YLA8TCH,Ivy Davis,45,0731915678,Male
3188340,C345,LZRYQU6F,Charlie Hill,41,0715646656,Prefer not to say
2251474,C345,PIVHGBQ7,Emma Smith,62,0709052214,Female
2991735,H890,ZBHARLP7,Alice Martinez,32,0793336504,Prefer not to say
2324116,C345,594EPU20,Alice Garcia,22,0703052096,Female
2327484,H890,QKKSN16V,Jack Johnson,22,0777739982,Prefer not to say
2773686,E567,HKQ470LF,Henry Smith,58,0723115303,Other
3012232,B234,T90JG709,Alice Garcia,64,0796741690,Male
2736985,B234,3VSX6LX2,Frank Lopez,40,0710376987,Prefer not to say
2520971,J012,NW666FD6,Alice Lopez,30,0787952255,Other
2924068,J012,O9GTS8EO,Bob Johnson,60,0799143299,Male
2512648,E567,2YFRGUP1,David Martinez,42,0743242339,Male
2698834,B234,75MNH288,Alice Lopez,35,0726951550,Female
3124775,I901,FK0957GK,David Hill,49,0746084391,Male
3019466,B234,016JCLKF,Frank Brown,25,0743173354,Female
3019676,B234,284MUXUI,Grace Garcia,34,0725186287,Prefer not to say
2407637,B234,29DY3W96,Grace Brown,42,0775585098,Other
2661155,G789,VRWW4IKW,David Davis,38,0772842810,Other
2992339,I901,JZRKEVRX,Ivy Hill,22,0770521476,Female
2422712,F678,KO42LXAW,Grace Johnson,53,0795629541,Male
3125070,E567,C80PF7YJ,David Brown,22,0766394124,Female
2745780,C345,D7OXE5MO,Charlie Lopez,55,0723735262,Female
2250270,F678,HY5IYXXS,Jack Jackson,30,0760652151,Male
3198116,F678,BCSV0CQZ,Grace Martinez,58,0776188417,Male
2275800,C345,H9Q663QA,Alice Lopez,62,0742517497,Other
2293408,D456,4CCEBLKS,Ivy Johnson,64,0715792285,Other
2305901,J012,EDJC7LSD,Henry Brown,33,0747388083,Prefer not to say
2695250,A123,AKWEE18L,Emma Johnson,65,0777244219,Female
3127339,I901,C8WCE0V4,Grace Garcia,38,0715318784,Prefer not to say
3021831,I901,0FWJLSLT,Charlie Johnson,19,0760828308,Other
2906027,I901,NO167HHM,Emma Garcia,62,0737687147,Female
2564732,F678,Z85UQLON,Bob Davis,53,0706420156,Prefer not to say
2416504,E567,2MXBJANM,David Garcia,65,0702150772,Female
3005178,F678,AX34OQL3,Frank Brown,55,0760687169,Other
3264642,G789,MIMIC8GY,Bob Jackson,22,0747763119,Prefer not to say
3203894,B234,RIB7FVZZ,Frank Davis,38,0792543090,Prefer not to say
3192725,D456,BCNEHKOP,Frank Jackson,45,0797020928,Other
3254032,J012,ONQG8TYL,Emma Brown,34,0781336865,Other
2906114,E567,W3CQCPP5,Ivy Lee,39,0787690879,Prefer not to say
2416506,E567,JEMOOAP3,Grace Smith,48,0796240698,Prefer not to say
2449197,C345,01T7GFH0,Henry Davis,54,0727995053,Other
3228813,I901,UN9WLAV4,Henry Johnson,42,0729955505,Prefer not to say
2818595,F678,C74K3C0S,Jack Smith,55,0748509980,Female
3100731,E567,ZGW6SFIW,Henry Martinez,46,0793417902,Prefer not to say
2535814,D456,KSOM7BE6,Grace Hill,59,0789577019,Prefer not to say
2639201,I901,4SB07W62,Frank Hill,50,0776076274,Male
3052625,F678,6991NSBT,Henry Hill,21,0713544081,Male
2783532,A123,5K62V331,Frank Jackson,35,0709024257,Prefer not to say
3054616,E567,YUS3M3EL,Henry Smith,60,0783778102,Prefer not to say
3053293,C345,BV541DHQ,Grace Garcia,24,0791904239,Prefer not to say
2915023,I901,XROXFQ61,Henry Brown,43,0774633668,Female
3084789,E567,21FHA7UD,Henry Davis,37,0710808430,Other
2327688,B234,GOCX00LW,David Garcia,25,0781254318,Female
3195732,F678,9BEFOS65,David Johnson,34,0719769589,Female
3296979,G789,RK630WI5,Henry Lee,47,0728149881,Prefer not to say
2215808,G789,90UWIOQM,Bob Garcia,55,0762589929,Prefer not to say
2544544,G789,T9BKEKQC,Emma Martinez,65,0700826096,Male
3018621,F678,7I1M3IIA,Henry Johnson,18,0754452506,Prefer not to say
3123741,D456,7LNRD7HS,David Lopez,58,0742515222,Prefer not to say
3153352,J012,C20O5LP5,Jack Garcia,32,0753278146,Female
2413580,D456,AZRXCCB7,David Smith,57,0773554263,Other
2489273,H890,UZ1PCS7R,Frank Lopez,55,0734317232,Female
3114228,H890,7LJ5D9CZ,Frank Hill,24,0751976322,Prefer not to say
2372513,F678,T6CWJ359,Alice Jackson,49,0711115385,Prefer not to say
2487501,J012,M5DNJ25Q,Alice Garcia,36,0744519386,Other
2494298,I901,H0AY6BWJ,Ivy Lee,33,0740415942,Male
2734670,I901,NIVNF34T,Bob Lee,30,0763483219,Male
2469994,F678,FIYEU5N2,Frank Lee,27,0713721607,Female
2574841,J012,FQGN1BR3,Jack Garcia,48,0763114062,Female
2558421,C345,LP0E1AYN,Jack Lee,56,0750510685,Prefer not to say
3061529,J012,LUTD48O7,Emma Lopez,42,0760388512,Male
2776191,E567,LULV1873,Grace Hill,20,0750374518,Male
2298291,F678,4OZYXWHA,Ivy Smith,21,0762604909,Male
2481767,I901,1EEZ2D1M,Ivy Brown,32,0744120939,Other
2672344,F678,N7TDBW36,Grace Smith,50,0766680291,Male
2559054,F678,3QZ8BWF9,Frank Johnson,25,0710676104,Prefer not to say
3085438,C345,3PDB1KGN,Charlie Hill,46,0710381588,Prefer not to say
2207108,E567,D0FNR1TA,Charlie Martinez,55,0701511386,Female
3143371,I901,EEU9UDZ1,Grace Martinez,54,0780841054,Prefer not to say
2940643,D456,DSKQEKLW,Emma Garcia,51,0740722138,Male
2533317,C345,8TV87WWW,Grace Jackson,20,0757287711,Male
3092353,A123,4P5GXSMZ,Charlie Johnson,60,0768208835,Female
2314448,E567,YC1HHBG5,Emma Johnson,63,0743375238,Other
2579035,A123,L103MZ00,Jack Lopez,35,0766591517,Prefer not to say
2831145,A123,MCA8PHWX,Henry Davis,33,0733764591,Prefer not to say
2749727,J012,CCEUVD6U,Grace Jackson,44,0765680216,Prefer not to say
3061326,A123,FCDQ6XJ4,Jack Smith,46,0719016320,Other
2363589,D456,249YZ9QH,Emma Hill,42,0749685386,Male
2744607,B234,CVBILGXY,Frank Smith,60,0743351713,Female
2774299,I901,RQZ1XF89,Charlie Johnson,60,0704424641,Female
2826661,A123,WYQ7PYT2,Charlie Lopez,24,0799194075,Male
3141103,G789,XVGD522M,Bob Lee,36,0767197305,Female
2962547,J012,RF6E9Z5S,Henry Smith,54,0793795413,Prefer not to say
2916274,J012,FE3STT8N,Henry Hill,56,0797799466,Prefer not to say
2543674,G789,KZ3OGOBN,Grace Smith,31,0738419413,Male
2874220,J012,NOYM4XZR,Frank Lopez,35,0769875191,Female
2929012,D456,R8IMSKXG,Emma Jackson,60,0727507201,Female
3029638,A123,8MNYSITA,Alice Martinez,50,0776163842,Prefer not to say
2220517,D456,MB57AAUW,Henry Brown,39,0740278468,Female
3292379,A123,J2PJXAU9,Grace Lopez,54,0743833764,Female
2763657,J012,BXSB6F7M,Frank Lee,40,0795592419,Prefer not to say
2819453,F678,YXRHIJ41,Ivy Garcia,59,0740836858,Female
2769008,I901,S2TICROT,Henry Hill,23,0733137489,Other
2480952,E567,SL8OZVFT,Alice Smith,41,0730132795,Female
2715981,J012,12KBY4LU,Bob Martinez,55,0703202893,Prefer not to say
2991863,H890,7CVE7PFB,Henry Martinez,27,0799902956,Female
2944072,I901,TJ8AACHE,Jack Martinez,48,0788526579,Prefer not to say
2883929,J012,677I0SLW,Grace Brown,57,0754040338,Other
3149792,G789,1EDYMMTR,Jack Lopez,62,0774170237,Prefer not to say
2295944,C345,YY5L2C0N,Ivy Garcia,27,0743020539,Female
2602185,E567,OTD33Z2S,Jack Smith,54,0773256899,Other
2997167,I901,2CCTSYJD,Charlie Hill,52,0791272553,Female
2960107,C345,HLOJ2B14,Emma Jackson,28,0755321375,Other
2524898,H890,3VXDE234,Jack Smith,50,0709475281,Prefer not to say
2987346,I901,TX44KNOR,Charlie Smith,36,0750215885,Female
3159484,H890,PZNAN507,David Hill,34,0723564106,Prefer not to say
2495830,H890,RCV38DT7,Emma Lopez,19,0747886049,Prefer not to say
3223336,D456,6YW1QLIH,Henry Lee,29,0718005367,Other
2553384,H890,H33JL1HH,Alice Hill,60,0784868966,Other
2836374,G789,M1WQVN4O,Frank Hill,33,0725639571,Other
2487099,G789,TMKO20TO,Charlie Smith,40,0760015603,Other
2555145,D456,JW8QGI0H,Bob Garcia,31,0793101471,Other
2401040,C345,COOVKCI6,David Hill,34,0732273369,Other
2291058,G789,CVO6BGX2,Bob Hill,41,0756218397,Female
2211670,D456,FK2642M0,Alice Lee,61,0762643968,Male
2406662,D456,TB784IWN,David Lee,27,0786894470,Female
2568130,H890,HIJ5TCMM,Charlie Jackson,25,0783011006,Prefer not to say
2411524,E567,18ZJP24K,Alice Hill,58,0781247561,Female
2871387,I901,68SAI8QL,Ivy Davis,23,0753894822,Prefer not to say
3055181,D456,0RBY9X12,Grace Jackson,34,0793364592,Male
2687775,D456,LZWVCQ4D,Grace Brown,56,0748698026,Male
3219363,G789,4QFSIMWP,Bob Martinez,24,0786790885,Female
3134061,H890,BP2BE6T0,Emma Martinez,59,0753007625,Male
2209082,E567,8H2LVN0P,David Garcia,19,0795108157,Other
3080908,I901,QA9A1J4K,Grace Lee,52,0760622106,Prefer not to say
2366154,G789,0K5XEBQK,David Brown,35,0706077345,Other
2943590,I901,MBAWGCH8,Emma Davis,57,0763616098,Prefer not to say
2565746,F678,PA5HVLQ8,Grace Davis,57,0760308485,Other
2938187,J012,7CAAS5LV,David Brown,40,0754225458,Other
2804115,J012,74UFIEPH,Emma Hill,42,0755764228,Prefer not to say
2823103,D456,JY2G8T13,Bob Johnson,40,0760310106,Prefer not to say
2573421,C345,KKZ9ZH63,David Smith,38,0721457627,Female
2420977,F678,AE0IQXCX,Emma Hill,57,0771638093,Male
2362930,H890,2XQQC0SA,Frank Brown,26,0712464383,Male
2426494,B234,ZX6WOIQ9,Bob Lee,50,0766106454,Male
2451418,I901,ZZ796IXD,Henry Lee,44,0748606223,Other
2288363,J012,W2H0K9SQ,Charlie Jackson,38,0754725151,Male
3125309,F678,K87PX90D,Charlie Jackson,30,0745265016,Female
3264180,C345,94THF06N,Charlie Lopez,23,0722051442,Male
2466264,I901,VO65NYGC,Grace Hill,34,0791915749,Male
2746817,D456,7XG5BTLM,Jack Davis,33,0708808936,Female
2236121,H890,9SAK5CBG,Alice Brown,32,0743429277,Female
2710973,E567,ROV3S7KD,Henry Lee,60,0748710897,Other
2387023,G789,MJTDKMP6,Ivy Johnson,52,0777515116,Male
2235949,E567,CT27ZU8M,David Hill,40,0798222917,Other
2679962,G789,IVZ7RKKR,Charlie Smith,59,0751819543,Male
2612474,H890,FWBADWO4,Emma Johnson,43,0733447244,Male
2502358,I901,SKHPCEVJ,Charlie Martinez,20,0722930707,Prefer not to say
2343882,H890,ASAD7JF9,David Jackson,42,0788083051,Other
2843628,C345,R5JT1O2C,Alice Johnson,39,0743600193,Male
2538070,I901,1NPKMWT7,Grace Davis,48,0775381105,Other
2879008,C345,MT7ZPXYZ,Bob Jackson,32,0715545058,Prefer not to say
3274038,D456,C5LS3UO4,Henry Jackson,58,0792150524,Other
2667716,D456,J9YTKYJM,Alice Garcia,27,0710461746,Prefer not to say
2431032,C345,RETCPTRM,Ivy Smith,62,0791932320,Prefer not to say
2402086,F678,JUFZXRSG,Charlie Smith,51,0709415624,Prefer not to say
2383267,F678,GZJNMAUE,Emma Johnson,46,0789982471,Female
2392636,B234,8345CER9,Bob Garcia,46,0715793487,Prefer not to say
2527370,H890,R09LUEDS,Henry Martinez,58,0717729435,Prefer not to say
3010930,G789,J1KQD8RP,Ivy Brown,61,0760392244,Prefer not to say
2392364,D456,RDK74RXN,Alice Jackson,40,0795034028,Female
2336001,G789,RM0CS73I,Charlie Garcia,51,0766586706,Other
2618336,I901,5RU80ICG,Henry Hill,19,0731334619,Female
2834502,A123,6WVFNAKE,Frank Smith,41,0797394636,Female
2546175,J012,DTH6PUI0,Charlie Lopez,51,0715427509,Male
2332517,J012,0JSAR0KM,Charlie Brown,56,0705484568,Female
3163623,G789,B42D8VON,Jack Jackson,31,0765678898,Other
2650960,D456,6XGP2XJM,David Garcia,26,0757526007,Other
2659651,E567,9L9PB1JL,Charlie Jackson,23,0796674230,Female
2330015,G789,X98J6NYN,Henry Hill,32,0709351806,Female
2821264,G789,LBQHHOY9,Ivy Hill,28,0769276951,Male
2456561,I901,BA9B4B5O,Grace Smith,39,0762304715,Other
3027541,A123,Z7T68JXV,Bob Garcia,54,0780898636,Female
2573982,I901,ELEQSTQR,Henry Garcia,48,0713541347,Female
2965033,I901,QDMW9QNL,David Smith,20,0797459723,Other
3180754,I901,GP8488RJ,David Lopez,37,0739324160,Female
2311422,C345,7TT4M4NG,Grace Johnson,45,0761292002,Prefer not to say
2343280,B234,BF320UAV,Grace Lopez,48,0709768571,Female
2776658,F678,1Q4U9MOW,David Johnson,55,0704493452,Female
2838258,I901,2K9AHXH2,Ivy Lee,28,0702084962,Male
2354180,D456,ZW2H2Z0T,Bob Lee,18,0771048434,Female
2952277,J012,GH0QY75Z,Emma Hill,61,0791960257,Female
2671249,H890,E0DR600Q,Bob Brown,53,0752669253,Prefer not to say
2335848,G789,IEB3PCF8,Charlie Davis,55,0797392496,Other
2487754,C345,DLDHDYHS,Bob Jackson,47,0774926422,Female
2467454,B234,XS52GUX8,David Davis,60,0707637656,Male
3051152,I901,M6UKA8WS,Frank Smith,26,0758635194,Other
3268432,F678,CZQW5WD7,Charlie Brown,21,0739035241,Male
2224436,D456,9N8FFWG5,Emma Johnson,26,0777339669,Male
2509430,C345,WLK32DYZ,Jack Lopez,59,0742022444,Prefer not to say
3090860,F678,9KVQU5Q5,Bob Garcia,40,0700234017,Male
2204220,J012,KU7S6JF5,Bob Hill,34,0732779689,Female
3076091,B234,Z98BMNNF,Ivy Hill,39,0757616057,Female
3263862,E567,XO0C816Q,Ivy Garcia,64,0754902777,Prefer not to say
2997273,I901,EUWRMSTP,Grace Martinez,41,0792296770,Female
2403467,H890,T471VX1Q,Frank Garcia,56,0756039315,Female
2993383,A123,TUGTE15S,Alice Hill,19,0704835413,Female
2392989,F678,0FMX27R1,Charlie Brown,48,0723117085,Male
2762367,J012,2EGRGWDP,David Hill,48,0756624320,Other
2611249,D456,9FKCA1RR,Grace Lopez,40,0784211681,Male
2679547,I901,0DWIP81K,Grace Johnson,50,0728588347,Prefer not to say
3066875,H890,LDSP09UK,Ivy Martinez,28,0767813761,Other
3122255,H890,MXYJEKG3,Ivy Hill,39,0752539870,Prefer not to say
2500349,A123,TEZDDOQU,Emma Martinez,58,0700711210,Female
3073644,H890,IG3Q83A1,Frank Smith,19,0718200935,Prefer not to say
2802352,A123,KR88VF6Q,Grace Smith,42,0772479686,Male
2566489,H890,NVORBGC8,Henry Brown,49,0710033721,Other
3055101,J012,SZ5F3V46,Jack Jackson,35,0753259699,Female
2708328,G789,I7KT90C3,Alice Davis,32,0736250063,Female
3019278,F678,LUFS4TBJ,Grace Lee,56,0760905131,Prefer not to say
2385926,I901,EKZ2PNWQ,Emma Davis,53,0797153499,Other
2569443,F678,UR3G2HTZ,Charlie Lopez,24,0727401285,Prefer not to say
2397563,A123,P38ARV0E,Grace Lopez,33,0778883545,Other
2974879,E567,1FPZAILJ,Ivy Smith,41,0730580639,Other
2913680,F678,D0NIWRTQ,Jack Davis,60,0721428421,Male
2215792,D456,8GZBROBO,Emma Lee,28,0789195315,Female
2353724,I901,WJ4MR9DB,Jack Smith,35,0744751096,Female
3023140,G789,HY81VO9R,Charlie Smith,27,0756865591,Prefer not to say
2954853,I901,AC48UTHE,Bob Johnson,48,0798997993,Prefer not to say
2780366,J012,8Q63BJ3X,Grace Smith,23,0701332160,Other
2787820,B234,RCGQIQJQ,Bob Lee,34,0708458858,Other
2646640,I901,KXIJ2A09,Grace Smith,56,0706151845,Female
2804587,G789,OOFY3PC5,Ivy Hill,53,0777652770,Prefer not to say
2407341,D456,JO5TK974,Jack Brown,28,0716315362,Male
2342436,C345,4LXO8F5D,Alice Hill,18,0765223318,Other
2492710,D456,IJZ74PUC,Charlie Lee,48,0764907965,Male
2809491,I901,LXW33YCW,Emma Smith,30,0765770950,Female
2889568,H890,DIQ9A5CX,Henry Brown,56,0748512193,Prefer not to say
2687678,B234,P32UU5YP,Henry Garcia,62,0726247876,Male
2549496,D456,P0BF18HN,Charlie Smith,40,0705368596,Male
2222053,F678,D2QKRT81,Emma Jackson,33,0726400417,Female
3105597,E567,TD6789HZ,Frank Smith,27,0703143775,Male
2721226,H890,YTLKMXHY,Bob Garcia,34,0786615038,Female
2381013,G789,N7ACZ4PQ,Bob Hill,42,0797801009,Female
2973191,C345,LPBDBTX7,Charlie Martinez,29,0774731739,Prefer not to say
3230371,A123,YSJCUC5O,Henry Garcia,42,0709976108,Other
2578348,I901,5M096YBA,Grace Lee,60,0704232812,Female
2581885,A123,EIGHG870,Charlie Garcia,24,0731370510,Other
2326955,E567,2PVZXG4G,Henry Smith,55,0779352620,Prefer not to say
2641710,B234,WR87JAP8,Charlie Johnson,42,0779870242,Other
2687139,I901,NVTBE4KE,Henry Davis,23,0752949383,Male
2963310,A123,7DKKU4AU,Jack Jackson,41,0758698193,Other
2296862,B234,JG9MXBCS,Ivy Davis,55,0796196515,Prefer not to say
2725523,B234,I3I3BRKY,Ivy Brown,59,0792900428,Male
2590719,B234,EO5E68M2,Emma Lee,61,0740503638,Female
3022113,A123,9VEFS4KR,Ivy Lee,18,0743038508,Female
3109587,I901,U1ZK00JI,Ivy Lee,30,0775729212,Male
3240867,E567,372199TX,Alice Martinez,39,0763114727,Prefer not to say
2207700,F678,LES9QSWV,Frank Garcia,35,0709946249,Prefer not to say
2583720,D456,UA1Q6UY9,David Lopez,28,0786602631,Female
2441657,G789,J8SLSL9G,Bob Hill,39,0729964855,Other
2887658,E567,17T3ROE8,Henry Martinez,47,0758004831,Prefer not to say
2965060,J012,OILRCLBE,David Brown,22,0751589560,Male
2494030,G789,HQVAET74,Jack Brown,45,0747959723,Prefer not to say
2767203,G789,UR6BDF8R,Bob Johnson,45,0781843866,Female
3121162,J012,L9B1EFPX,Emma Garcia,27,0729130180,Female
3100226,F678,HICEYH3P,Grace Davis,40,0711470033,Other
3080191,J012,XQM4ZTKK,Bob Jackson,59,0738280182,Male
2316817,H890,3ZRRFRJ6,Jack Lopez,37,0743149106,Female
3268679,E567,L2XYKXY4,Emma Lee,24,0703369752,Other
2500987,H890,OW4I20AC,Jack Brown,36,0757082530,Female
3246780,E567,CC3YSHV7,Grace Lee,62,0735044617,Male
2585570,I901,Z0IXLDNW,Emma Brown,58,0799055481,Prefer not to say
2335784,I901,PGRZYUA0,Jack Garcia,42,0799235418,Male
3132728,H890,5AGEYX07,Alice Johnson,58,0770539400,Male
2891827,G789,4275U0HE,Alice Davis,54,0718617710,Prefer not to say
2865901,J012,TEALY5V4,Jack Lopez,42,0789419733,Male
2600554,G789,UHE370GH,Grace Lee,23,0725097709,Other
2503802,G789,YJ33JLSZ,Emma Lopez,44,0765080573,Other
2322003,J012,7VHZV4JG,Charlie Lee,38,0730708871,Female
2331052,J012,FY2QQ280,Charlie Martinez,26,0784335988,Female
2777915,B234,LNN1R14W,David Davis,51,0796702275,Male
2384854,I901,G2MEDWPZ,Jack Jackson,64,0716471260,Prefer not to say
2475957,E567,WQ5FC46D,Jack Johnson,46,0735367128,Female
3145451,D456,LPOT05U0,Charlie Hill,56,0772270211,Other
2842433,C345,ETRRU42F,Ivy Lee,54,0798450682,Prefer not to say
2921258,J012,CCZB0KK3,Frank Lee,38,0723789966,Female
3283727,G789,IA93XYZ6,Alice Smith,26,0717846385,Prefer not to say
3039749,F678,01TAWIQN,Grace Davis,32,0765937713,Male
2313042,F678,JWLT4NYH,Henry Garcia,48,0765972903,Other
2918373,E567,3XBLWKBF,Ivy Garcia,45,0729590025,Prefer not to say
3111603,A123,JOAMNXSQ,Charlie Jackson,33,0759521852,Male
2902565,C345,V1ALWJLU,Henry Lopez,64,0742948790,Other
2261527,H890,HTZPO510,Charlie Lopez,54,0788718807,Prefer not to say
2574095,E567,5Q5GVKS9,Ivy Hill,23,0760486023,Female
2640075,E567,K8SVGAGK,Jack Brown,48,0715093388,Male
2989720,E567,36MOF5T1,Frank Johnson,60,0729412631,Male
2585247,G789,2LS01AVS,Ivy Martinez,53,0743413856,Prefer not to say
3225073,C345,N8K1H3ZG,Bob Hill,65,0735017273,Male
2430404,H890,KXHL9AV4,Alice Smith,42,0776839037,Female
3196036,J012,7ZKYXT28,Emma Smith,40,0771041373,Other
2937074,I901,YREFU59N,Frank Brown,65,0776087926,Prefer not to say
2782138,J012,QVRPW188,Bob Martinez,45,0716282813,Prefer not to say
2884418,E567,GZAJ8OHQ,Bob Lee,40,0773434018,Male
3251311,G789,2UGWE988,Emma Lopez,56,0751351131,Female
2755686,G789,A4U44KVI,Ivy Brown,19,0796781838,Male
2662230,A123,7T2AY2V4,Frank Martinez,24,0774347702,Female
2912298,B234,3HGYCFX2,Grace Davis,39,0750266256,Male
2721453,B234,T0NXGSP4,Grace Smith,39,0785034912,Male
2395173,A123,NHI5KM3R,Alice Brown,45,0788673150,Male
2939819,I901,95ZGIGOU,Alice Johnson,39,0791652687,Prefer not to say
3270880,G789,A8BYJZ7C,Henry Lopez,35,0712252694,Male
2769846,I901,G8B5LJ47,Charlie Brown,21,0773589976,Prefer not to say
2686621,F678,3E97KVOU,Emma Hill,51,0777173840,Prefer not to say
2411110,E567,J1952ECQ,Henry Jackson,58,0761476903,Other
2333192,E567,E5OC0JC9,Alice Garcia,62,0702974062,Prefer not to say
2637969,J012,HJ7EPXR8,Emma Hill,52,0728045941,Other
3237998,D456,QQXF8PHM,Ivy Lee,38,0750637291,Female
2626438,E567,E4NW3YRX,Grace Brown,21,0721858763,Female
2481166,F678,599YKIAS,David Hill,31,0771652156,Female
2808487,I901,IPMJ7T57,Charlie Garcia,18,0736326234,Prefer not to say
2663392,E567,FKE93CAQ,Emma Martinez,50,0724386585,Female
2253417,F678,AWSKQ30C,Frank Brown,50,0742173884,Male
2598564,F678,XI9HABOD,Henry Johnson,37,0715600247,Prefer not to say
2279145,G789,LPBLQ4JL,David Smith,36,0782388544,Male
3013233,H890,YHOOZO70,Bob Lopez,47,0794398841,Prefer not to say
2523045,H890,US16LYT6,Ivy Jackson,32,0712103830,Male
3137049,I901,1G385C7C,Henry Jackson,34,0721775216,Other
3161619,A123,7XY56MG3,Charlie Brown,55,0744281343,Other
2420894,I901,Z7WFD3PJ,Bob Smith,23,0778140623,Female
3216030,F678,8HIVZL1Y,Grace Davis,53,0708659408,Male
2358185,C345,PCWKONC5,Emma Brown,36,0751140261,Female
2353527,C345,ZMG77JSM,David Lee,35,0750808513,Other
2950871,A123,W0KNAKDC,Ivy Martinez,43,0741032252,Prefer not to say
2705876,D456,SG22R9M2,David Hill,55,0729247159,Prefer not to say
2461867,G789,TH9VOJ5M,Charlie Jackson,40,0765419253,Female
3222062,I901,EYXXQ1ZZ,Ivy Garcia,54,0731288764,Female
2570337,E567,1YTWZCBC,David Lopez,19,0724915214,Other
2882159,H890,21Q01E2E,Emma Johnson,26,0757466660,Other
2251244,D456,94XXA3J8,Emma Johnson,30,0760716336,Prefer not to say
2995678,H890,L1IA12X6,Frank Martinez,59,0770252604,Male
2678559,J012,EU35N2W7,Ivy Lopez,41,0705739162,Other
3094733,A123,091YLN3I,Alice Lopez,35,0757892352,Prefer not to say
2264467,C345,C124F42J,Henry Johnson,52,0798945823,Prefer not to say
3160525,E567,XDHZ1PCW,Frank Hill,60,0741286154,Prefer not to say
3063356,J012,FS7OIA76,Bob Davis,54,0745280714,Male
2456295,B234,PCF48LD2,Henry Hill,61,0754581223,Prefer not to say
3074502,I901,QNXY5EP3,Grace Davis,34,0747607209,Other
2782921,F678,M6TSQDEM,Jack Jackson,59,0703788901,Prefer not to say
2542562,B234,GISOG7VO,Grace Lopez,34,0724636214,Prefer not to say
2302192,E567,2IEI853Q,Henry Hill,49,0789865656,Female
3017777,H890,OUIZ3ZV7,Jack Davis,40,0749576995,Prefer not to say
3069713,C345,XW3E9MV6,Ivy Lopez,45,0777561774,Male
2409273,E567,Q6PO4TNI,Grace Smith,61,0794735715,Male
2674811,E567,M5UNPD33,Charlie Lee,20,0707898345,Male
3263225,H890,N71M267Q,Charlie Smith,44,0707014024,Prefer not to say
2548561,E567,SMLJ9IH8,Emma Brown,44,0760067504,Female
3160755,A123,PM4F5ALI,Alice Garcia,35,0799758876,Other
2914061,J012,Y4D7FK7R,Frank Smith,65,0778408647,Prefer not to say
2500175,F678,ADP5RKDW,Emma Hill,33,0745834877,Prefer not to say
3053409,E567,WMJVCZ4C,Bob Lopez,36,0753215780,Other
2515789,H890,DIHBVW2F,Ivy Johnson,37,0741995637,Other
2824434,C345,NN6XDCN3,Jack Davis,62,0789058028,Other
2236971,G789,QT8H529S,Jack Smith,34,0741690070,Prefer not to say
2303614,B234,V445A0DE,Bob Lopez,39,0713988215,Prefer not to say
2674721,F678,HT18J87T,Grace Davis,35,0795872163,Other
3163277,A123,HJ2VQJ89,Emma Brown,49,0735560099,Other
2666544,J012,61OAKA99,Grace Hill,46,0737610843,Female
2265960,D456,T2O1HLQW,Henry Hill,58,0774757519,Female
2478055,D456,PX2HRN2T,Henry Lopez,18,0745253993,Female
3247043,E567,A01QGSFE,Emma Lee,58,0796351365,Other
2476232,J012,BKYHB71G,Alice Johnson,33,0775302548,Male
3207699,A123,0JN25XAD,Emma Davis,59,0778083597,Male
3263044,G789,HJAVEZPH,Ivy Hill,21,0797387616,Other
2405089,E567,YPTSJX6Q,Henry Martinez,37,0751537196,Male
2732575,F678,L6JSS036,Emma Lee,47,0727375954,Other
2510601,A123,H36YN9U0,Grace Johnson,53,0763497257,Male
3118102,I901,0PAMEVAU,Frank Lee,50,0788385373,Male
2313323,H890,RPDMD28R,Henry Lee,53,0711180086,Other
3211201,J012,K7BC20L5,Charlie Johnson,53,0773478042,Prefer not to say
3110328,J012,I3RHUOHU,Henry Brown,35,0701262051,Male
3168511,B234,LF8D0N3Y,Bob Lee,53,0702856548,Male
3166439,E567,LEOIH80O,Charlie Hill,52,0765368956,Prefer not to say
3223252,A123,IF8KW14C,David Garcia,53,0732055629,Other
2522096,E567,AZBGPRQL,Henry Hill,60,0784131075,Other
2918900,G789,29D2J6AH,Bob Johnson,28,0740989735,Prefer not to say
2983553,D456,ZGWOSO13,Emma Garcia,19,0779705294,Other
2673471,A123,D8QSF52G,Emma Jackson,19,0721419630,Female
2361748,I901,4PBLQ3GM,Grace Hill,24,0765291547,Prefer not to say
2219897,H890,8FT2I6GK,Grace Davis,34,0714190818,Male
2846111,F678,P9DX48CC,Ivy Brown,43,0727523941,Prefer not to say
3124372,B234,BOIAWP5E,Henry Lopez,49,0743131151,Other
2682341,H890,OXIWZFJX,Frank Smith,40,0745099179,Prefer not to say
2990310,F678,2T1N2M9C,Emma Smith,58,0771700578,Prefer not to say
2549777,C345,6VUBJ7FT,Henry Hill,21,0703495760,Prefer not to say
2660240,B234,JB3VA24M,Henry Garcia,31,0760969542,Male
2284260,G789,0X8MTG8F,Henry Lee,33,0769148975,Male
2866136,H890,IT7JHDU1,Henry Lee,52,0738665071,Male
3088728,B234,KQFH7ALB,Charlie Jackson,38,0777481342,Male
2507374,C345,K6FJO2V6,David Brown,47,0732953557,Other
2560735,I901,JG5UL0NA,Grace Lee,47,0778325578,Female
2917836,C345,JI29POMM,Henry Jackson,28,0747173763,Other
3126322,D456,796HGFM1,Bob Smith,37,0768112429,Female
3180981,C345,J8MW6S45,Emma Hill,21,0748455249,Female
2305034,F678,L9GN9IVX,Bob Hill,44,0731246604,Male
2596799,B234,KPPV2UAK,Frank Smith,30,0738044650,Female
2789329,I901,Z8LNBQ8M,David Hill,51,0785017603,Male
2902226,J012,FFSWX5MI,Alice Davis,62,0713844396,Female
2519106,A123,08AX4TPM,Ivy Smith,49,0761523706,Other
2525019,I901,ETBP0EZR,Ivy Brown,19,0766950365,Male
3093252,H890,TCRUW9IB,Ivy Martinez,65,0794466984,Female
3063035,I901,GYP3G2CM,Charlie Lopez,42,0783073039,Prefer not to say
2986317,I901,MKFPAWB9,Ivy Lopez,54,0720224063,Other
2639706,I901,R3ABBKSH,Bob Davis,46,0742916545,Female
2505742,H890,I8L6Q1PV,Grace Lopez,51,0716649673,Prefer not to say
2638649,G789,KFH0PO74,Henry Smith,35,0755760718,Other
2893046,I901,W4Q1UALG,Henry Johnson,61,0724328259,Other
2301409,G789,X179CXOG,Henry Lee,21,0707933817,Other
2460324,J012,YXA1NJHP,Alice Lee,51,0739202207,Female
2620587,B234,7K2PJGVK,Charlie Davis,44,0752255660,Other
2835250,C345,ZNHK3Y6T,Grace Jackson,64,0738519486,Prefer not to say
3300004,D456,2Y61D5AN,Charlie Garcia,21,0786824720,Prefer not to say
2487315,I901,A6WQ6GQY,Charlie Hill,21,0795496381,Other
2706048,A123,B8RHTTNS,Jack Hill,21,0769470670,Prefer not to say
2611629,J012,BVK6JMXB,Alice Garcia,22,0782446495,Male
2908731,J012,W0EG32YB,Bob Brown,31,0704666676,Prefer not to say
3271070,B234,29L5P0PQ,Ivy Hill,39,0790541550,Prefer not to say
2644012,H890,KJUFIXHR,Jack Davis,64,0799707188,Prefer not to say
3298590,H890,W28SNRA5,Jack Garcia,22,0799055107,Prefer not to say
2710198,E567,XEB3BVJJ,Henry Lee,31,0791537171,Other
2245999,B234,VUAAGBIN,Emma Jackson,43,0795905344,Other
2954225,I901,PY88BAS2,David Brown,57,0751958098,Other
2976747,H890,EPV9U2XG,Ivy Lopez,57,0701962702,Prefer not to say
3224023,J012,7PIWXQOR,Charlie Brown,25,0725682222,Other
2356863,J012,3YLX02PL,Ivy Jackson,51,0745190347,Female
2303012,D456,CJ25IGC5,Charlie Jackson,54,0767180662,Male
3147394,B234,2YCJH0TS,Alice Martinez,57,0772542574,Male
2474510,H890,7BGPP8U4,Bob Martinez,35,0789097702,Male
2922769,J012,VEXTAMPC,Henry Davis,33,0742942091,Prefer not to say
2700076,H890,4GAV7ZBW,Emma Lopez,34,0790591366,Female
3287454,J012,DBK2JPYC,Grace Garcia,29,0720620238,Other
3134695,D456,HZ8HIIIV,Jack Hill,53,0705504816,Prefer not to say
2380617,F678,BJ3PB4X3,Ivy Davis,20,0734020437,Prefer not to say
2984089,G789,M3JNMECQ,Jack Smith,26,0789865390,Prefer not to say
3178946,D456,C1UVD19D,Emma Davis,61,0780811877,Prefer not to say
2942135,J012,4W2X8HS6,Emma Garcia,28,0706347337,Prefer not to say
3262394,I901,5UG9GI2A,Charlie Brown,51,0763851218,Female
3163667,F678,M79IFP66,Frank Garcia,51,0790724934,Female
2869142,C345,JZQJUIAW,Frank Lee,40,0775704634,Male
3186378,E567,ZL768X0I,Frank Jackson,32,0794396230,Prefer not to say
3092165,B234,J7KSL9FS,Henry Davis,32,0764519005,Female
2579844,C345,EOL6WHMH,Grace Hill,19,0795409442,Other
3161165,G789,U6F3KSUE,Emma Hill,61,0718843887,Prefer not to say
3121024,H890,XC7GOBWQ,Henry Garcia,58,0727473955,Other
2532114,A123,9SYL8VDI,Jack Johnson,39,0703223893,Prefer not to say
3022085,I901,8Z4YCWDQ,David Johnson,62,0728359277,Male
2835172,B234,GIADOBWE,Emma Smith,27,0718850882,Female
3117900,C345,17ODI16A,Frank Jackson,27,0775291155,Female
2997514,E567,XW6QXXHE,Charlie Jackson,20,0773530049,Male
2271885,D456,J3L9TQP8,Alice Lee,37,0788413650,Female
2509369,H890,5DQ3CWHA,Bob Lopez,49,0780390726,Other
2410297,F678,20P0FWLY,Grace Davis,56,0738595146,Female
2242231,J012,4HXU9JAH,Bob Lee,56,0730044456,Prefer not to say
2432983,H890,8KJZDHLR,Grace Martinez,57,0732023850,Male
2910238,G789,JE6ZM130,Bob Hill,57,0758757096,Male
2663277,C345,FSCMNIDO,Grace Martinez,64,0799138085,Prefer not to say
2362932,C345,EKZT2G13,Ivy Jackson,25,0710092584,Male
2870098,A123,Z9KZITZL,Ivy Martinez,61,0719762985,Male
2661884,G789,366ZK5QL,Jack Hill,58,0786412451,Prefer not to say
3195847,C345,9IRLZBYG,Emma Hill,22,0736313155,Female
3196755,E567,FCY1JEXA,Henry Davis,42,0770168748,Male
2644246,G789,V5RJNXHC,Charlie Martinez,21,0754648702,Prefer not to say
3138174,H890,2SDXL6CR,Bob Hill,34,0718193966,Female
3083423,E567,1NDGOCTE,David Brown,44,0783405368,Prefer not to say
3147091,C345,FCIRJPIQ,David Hill,40,0758117556,Female
3296334,B234,AYJEX4NN,Jack Brown,39,0732950123,Male
2635111,B234,IME7STQA,David Smith,60,0739281690,Prefer not to say
2920254,A123,2QSBXPAK,Frank Jackson,29,0775424761,Other
2976904,I901,L0NQUEBU,Frank Lee,60,0725929729,Female
2748932,I901,QSB2WF34,Jack Hill,45,0759162477,Male
2704891,I901,REWBGF0Z,David Brown,34,0784540978,Male
3148119,C345,7H1MGAD1,Charlie Martinez,38,0710095498,Male
2516937,H890,T54VY1AP,Alice Lopez,61,0708468029,Other
3259321,J012,V2QHTXZ0,Jack Brown,61,0766787568,Male
3013962,J012,SYE96927,Bob Lopez,59,0755541851,Other
3267441,H890,RDZRCUU3,David Smith,42,0737956359,Other
2771631,F678,SO0RZ516,Charlie Hill,47,0739264243,Male
2523439,G789,HWJ93ZWZ,Grace Martinez,59,0749972362,Other
3241646,F678,AHEYDC1X,Jack Brown,64,0744091429,Female
3238805,A123,6MY4TRPL,Bob Johnson,26,0709162698,Other
3271061,I901,FFP86MFQ,Ivy Lopez,22,0746522664,Other
2266044,F678,3EEVPJXE,Alice Lee,62,0791884721,Female
2290996,H890,NQUF0BFA,Frank Smith,65,0723921617,Prefer not to say
2236939,B234,06KI2HM1,Grace Martinez,20,0780126036,Male
2558260,B234,CYIAVV4H,David Lopez,62,0799572673,Female
2229618,D456,ZCN3NLJO,Alice Davis,40,0748891276,Prefer not to say
2757014,C345,RRTOHGS2,Grace Johnson,62,0790337975,Female
2290298,H890,RC63L7TQ,Frank Martinez,35,0785493341,Male
2556996,A123,IQ3T9LO3,Emma Lee,55,0760586738,Female
3214081,B234,MQHLHPUG,Henry Davis,30,0720970695,Female
3190134,G789,6Q077EPL,Frank Hill,46,0790389661,Prefer not to say
2945553,I901,Y1FN2FBK,Charlie Martinez,48,0717416524,Prefer not to say
2596964,B234,149YCV8Z,Alice Davis,51,0790373290,Male
2648245,J012,JF76Z9YH,Henry Hill,52,0775705570,Female
3238275,F678,UA6DENRT,Ivy Davis,41,0709339860,Other
3034075,B234,SREY2XI4,Bob Martinez,32,0702348510,Prefer not to say
3104800,D456,3ETBLXMZ,Emma Davis,40,0726462729,Male
2559249,I901,ST7LBZ74,Charlie Smith,19,0715232972,Other
2773470,B234,972DI035,Bob Martinez,46,0763359504,Male
2324194,F678,OYIDSFIX,Grace Lee,28,0741962221,Other
2732107,J012,1JWB3ALS,Charlie Hill,45,0708501835,Male
2684238,H890,CEXXI3ST,Alice Garcia,30,0799532889,Other
2497842,E567,UAR87NJB,Jack Brown,32,0787692764,Prefer not to say
2955445,H890,N1ZLHV36,David Lopez,62,0715964078,Male
2395851,F678,4W5O5FUA,Emma Brown,33,0720772484,Male
2372594,G789,6NM19ALD,Charlie Johnson,48,0735177949,Other
2962720,D456,8YKUUO7G,David Brown,34,0771637335,Female
3137829,B234,EIMJZLHB,Frank Johnson,19,0763751017,Male
2814924,F678,R6PHS5D7,Jack Brown,50,0783390985,Female
3119815,D456,RHVOJB5L,Bob Brown,47,0736988676,Male
3275741,G789,2PTITF51,David Jackson,24,0759841727,Female
2794543,A123,06LFEHRQ,Ivy Hill,47,0790271326,Male
2885035,J012,O8FCMRPN,Frank Davis,30,0783701693,Male
2748925,J012,MLT3UCT2,Ivy Smith,52,0760225399,Prefer not to say
2270357,G789,BXARRHNU,Jack Davis,42,0726121715,Other
3149319,I901,H4D45ERN,Grace Johnson,52,0715590988,Prefer not to say
2848927,D456,IJC9ER49,Frank Martinez,34,0777107271,Male
3063558,D456,CBOIVTL7,David Johnson,35,0780799489,Male
2624081,C345,FKP97PEB,Frank Garcia,36,0751960197,Prefer not to say
3104425,B234,JHSBRAOQ,Charlie Hill,65,0712294975,Other
3231516,J012,04EW56ZU,Alice Lee,31,0749136829,Prefer not to say
2774964,I901,MW9R2BKV,Jack Hill,28,0743210085,Female
2210750,C345,R27D5Q96,David Garcia,20,0766160501,Male
2693239,I901,605GCNVO,Alice Davis,48,0706677225,Other
3239177,D456,PJOF3RO1,Charlie Lee,61,0745600636,Female
3185193,E567,7ZVUYRG2,Grace Garcia,58,0731172796,Other
2221612,E567,NPI5BIHM,Ivy Lopez,29,0742559274,Prefer not to say
2591839,D456,HKQR36UK,Alice Jackson,27,0715287358,Female
3120989,H890,VVVDFDE2,Grace Jackson,65,0727817451,Female
2657588,J012,888YRE47,David Garcia,46,0766978562,Other
3215897,F678,NB7WN73S,Grace Lee,32,0733478035,Prefer not to say
2519517,F678,8LD2ESDC,Emma Hill,41,0720238649,Male
2273568,A123,3FYWSAG2,David Martinez,63,0759480761,Female
2504770,H890,PEL4DIQ7,Charlie Jackson,58,0746356857,Male
3192840,B234,A0NNB9SN,Alice Jackson,50,0751308978,Female
2358957,C345,TX9YFL87,Jack Garcia,56,0740046256,Prefer not to say
3112993,I901,2BID16LA,Alice Martinez,45,0722873827,Prefer not to say
2284834,A123,1YT25FCG,Ivy Jackson,52,0755610790,Other
2462135,E567,38RBTGMY,Alice Lee,58,0794563363,Other
3148045,H890,G4CI4VOM,Grace Martinez,33,0732871913,Prefer not to say
3285660,B234,8GUG3BFF,Grace Brown,22,0732683730,Other
3189853,B234,U3542LIV,Grace Johnson,28,0709871255,Male
2362090,C345,PX6RA3X7,Henry Johnson,37,0705931023,Female
2781992,D456,KQ06RSZC,Charlie Hill,30,0738281805,Female
2808775,B234,O4B7GFMF,Charlie Smith,30,0753357218,Prefer not to say
2632051,B234,M9V3XUQ8,Charlie Johnson,30,0752201370,Male
2201393,D456,A8SR6YSN,Charlie Hill,52,0786637217,Prefer not to say
2387779,H890,ZMO6ZB1U,Bob Davis,26,0748139477,Other
2392674,B234,L53V6EK3,Grace Brown,18,0737996982,Other
2780205,J012,9RW39EDM,Grace Garcia,37,0763188257,Female
3036542,J012,L5DZPFJF,Ivy Brown,39,0716672926,Male
3243277,H890,MHSQ2D4C,Ivy Davis,20,0782365541,Prefer not to say
3068859,J012,8F5A09SH,Alice Lee,58,0775065488,Male
2639833,I901,P3U78LJG,Grace Jackson,59,0722974316,Female
2916061,E567,7POULJ8D,Frank Lopez,28,0778535445,Female
2838513,B234,UXKSFX8T,Bob Garcia,45,0782515207,Male
2727349,J012,3ZBIA60D,Frank Jackson,37,0731223670,Female
3088954,A123,W2AXAIYY,David Lopez,42,0713081743,Female
2561302,H890,ZQI6LVFO,David Lopez,48,0756845675,Other
2934042,D456,8NRGWCNN,Grace Lopez,59,0758917767,Other
3228066,D456,O1WJ1MVJ,Frank Lopez,26,0788591885,Other
2392614,E567,0B98TPLC,Grace Jackson,19,0790266463,Other
2416276,D456,FWLFFT3M,Ivy Jackson,43,0741748538,Prefer not to say
2540189,B234,8LYWR28N,Henry Davis,45,0781081797,Other
2524027,I901,R2XL43BZ,David Lee,28,0760021805,Prefer not to say
2710407,C345,KXL1FA0A,Alice Hill,23,0790827048,Prefer not to say
2243117,I901,MPSBTZ0Y,Grace Lee,24,0739221224,Female
3118229,D456,Z6EED5G5,Ivy Brown,48,0745123701,Prefer not to say
3273894,D456,G2589X7H,Henry Davis,45,0701301923,Male
2987018,A123,Y9QNJ8DG,Charlie Lee,55,0720510981,Other
2868866,H890,WGKPME4N,Bob Garcia,62,0748410385,Prefer not to say
2555395,J012,CUV0BLYN,Frank Brown,43,0703265683,Other
2771774,D456,FDDBPB6S,Alice Davis,21,0710992772,Female
2631594,D456,VMKNHZB1,Bob Garcia,30,0769989598,Prefer not to say
3044926,A123,MB1ANZQW,Alice Jackson,61,0774996704,Male
2711088,E567,Q7Y6JPSN,Frank Hill,42,0739588668,Male
2966202,H890,STVDJAN8,Emma Lee,44,0782323265,Female
2647174,C345,R6K2I639,Henry Lopez,44,0730799335,Other
2816730,I901,KS68L04X,Frank Davis,20,0763388898,Male
2755783,J012,MXB5KASS,Jack Lopez,56,0777070939,Prefer not to say
3025237,I901,YFJJ4K7P,Ivy Johnson,39,0795021033,Prefer not to say
2407604,E567,AEGNIW3X,Emma Hill,31,0774881583,Female
2857950,F678,H3HRU9F8,Ivy Hill,52,0782891795,Prefer not to say
3144848,G789,3D6MC0DU,Ivy Jackson,51,0749251524,Female
2268613,D456,WAH3N7OU,Ivy Hill,18,0782145621,Female
2528815,F678,1VZUXXQF,Ivy Smith,52,0719666791,Male
3062240,G789,5KPGLHFP,Grace Smith,42,0703412422,Male
3158914,G789,IEEC6XXA,Frank Davis,46,0764186359,Other
2453303,E567,IC566C2G,Alice Jackson,28,0795582897,Prefer not to say
3249499,D456,GBB4HSQY,Grace Garcia,61,0746806294,Prefer not to say
2949181,C345,LO2KEJLF,Ivy Jackson,36,0726315780,Male
2902143,C345,E7C6UHHB,Jack Jackson,65,0738167337,Prefer not to say
2820860,H890,RI4K92ET,Henry Johnson,40,0769895158,Male
3064946,B234,W74LK2K4,Grace Lopez,34,0735951508,Prefer not to say
2978500,D456,HY5F1501,Grace Brown,35,0709386673,Female
2461169,F678,5NRM4SXF,Alice Davis,64,0727273021,Male
2466569,D456,GQ4VRCDQ,Charlie Hill,41,0758064785,Male
2936202,I901,APZF86I3,David Brown,37,0720566247,Other
3238172,H890,BS8PMLB6,Charlie Lopez,35,0750224717,Prefer not to say
2498797,F678,WC7E2UYE,Jack Johnson,62,0767415725,Male
2680502,C345,B8A3YJBM,Grace Lopez,41,0700544128,Female
2518743,F678,CMJO0WX6,David Martinez,36,0788162643,Female
2511004,C345,6ML08K8J,Charlie Lopez,19,0750898295,Prefer not to say
2954235,E567,P87U5HGU,Grace Lee,41,0787684431,Female
2316338,J012,9O6VMDNW,Alice Hill,29,0724940290,Prefer not to say
2847190,J012,3OYOZM0D,Alice Garcia,55,0704533618,Other
2291722,F678,VUHPQR4C,David Hill,35,0773354005,Other
2889630,B234,5LUVMM5M,Bob Garcia,35,0757619239,Prefer not to say
3078641,J012,QFJMMWOT,Jack Lopez,44,0727048761,Female
2304345,E567,EC0GPDI6,Emma Lopez,57,0708224768,Female
3068976,H890,HIGDIW7Q,Frank Davis,24,0701060371,Female
2371917,H890,9RVWVQXO,Grace Garcia,37,0761100891,Prefer not to say
3278550,F678,XWNKRCIX,Grace Garcia,55,0736775095,Female
2930995,E567,XSB5X5Y8,Charlie Martinez,48,0717305045,Male
2392436,A123,JGVYHKJ3,Grace Jackson,41,0708446145,Prefer not to say
2420094,I901,R2J311TM,Emma Lee,26,0770524709,Prefer not to say
3004525,F678,LBXWQPWO,Alice Johnson,29,0719839263,Male
2338788,G789,AX6W5A5E,Emma Garcia,28,0780906829,Female
2740300,H890,T02ZP4LG,Henry Garcia,60,0771070976,Other
2649403,G789,JEFWFGW8,Emma Lopez,24,0775502461,Male
2621133,H890,4KGXGI8R,Alice Lopez,62,0796073029,Prefer not to say
2321942,J012,TZJOB2QD,Henry Lee,35,0768203508,Other
2549167,F678,4FE7RS2J,Henry Davis,31,0775554736,Other
3224996,F678,T82H5CW4,Henry Jackson,28,0749139306,Other
2742890,J012,GC0ARUX2,Alice Brown,19,0706652343,Other
3108071,H890,SCTS578X,Frank Smith,28,0780105363,Prefer not to say
2438866,E567,D52VLQ2C,Grace Davis,60,0787982822,Female
2485789,I901,0B62VK5P,Henry Lee,59,0786297181,Other
2949795,F678,OR7U6P2Y,Henry Garcia,59,0709864861,Other
2525403,D456,RNPPXNKE,Henry Hill,62,0702464676,Female
3297227,B234,XGI6L9SR,Bob Davis,52,0714643205,Male
2399018,C345,0ELXXRDF,Frank Lee,23,0747446037,Other
2698404,E567,L83TAFS2,Bob Smith,58,0743587469,Female
3073408,A123,WX8QL04Y,Charlie Hill,39,0754480178,Female
2939264,H890,EYA0J1OD,Bob Davis,42,0703159859,Male
2511280,D456,GQ1H43GB,Emma Johnson,45,0766730224,Female
2436858,E567,1LB0QBYV,Grace Garcia,40,0768838751,Female
2970064,C345,UBDSRYQC,Bob Davis,20,0739487646,Prefer not to say
2204865,I901,8SEC2R08,Charlie Davis,62,0748695122,Female
2762701,G789,SFSM1NKF,Jack Garcia,53,0756802266,Female
3162302,G789,RQ7TKEP9,Grace Hill,39,0722365954,Male
3293436,G789,DAPVW2VK,Grace Brown,25,0778499409,Male
2575762,G789,ZKJXFEDO,Bob Davis,59,0734911559,Prefer not to say
2502020,A123,3DYAVRMV,Frank Hill,62,0737720596,Female
2920588,D456,X6NVJ3OB,Frank Lopez,38,0770280046,Prefer not to say
3277730,H890,QKVL5M60,Jack Lopez,40,0740804488,Female
2261794,A123,69QG1Z72,Ivy Lee,38,0763248623,Female
3239190,J012,1MFNDQOL,Bob Lopez,58,0737593590,Other
2251581,C345,I6PIPZ0L,Frank Jackson,33,0719582940,Other
3242163,D456,8H9SV5TA,David Jackson,23,0752984337,Female
2654951,G789,L19ZFDOA,Ivy Davis,45,0764819484,Female
3166575,G789,EDLVVGSS,Frank Johnson,47,0738582969,Prefer not to say
3286593,I901,HBWUDAK7,Emma Brown,51,0723182009,Male
3287522,G789,6KCM0K1G,Bob Smith,23,0791364992,Other
2626656,I901,MLMZZ1OP,Frank Garcia,49,0719967932,Female
2209705,A123,W36LP02E,David Garcia,18,0764703621,Male
2664925,A123,X4FVAEIX,Alice Hill,59,0734471376,Female
2772128,D456,9NSHCLW0,Jack Martinez,29,0781948831,Female
3028998,F678,EBEJFVV6,Grace Davis,59,0743632666,Male
2293489,C345,T4BYVJPW,Henry Martinez,44,0757096022,Prefer not to say
2497374,E567,UA1ZBH7O,Jack Davis,22,0720603931,Male
2296960,E567,413IAL5S,Charlie Brown,27,0790015061,Prefer not to say
2537469,H890,7W0CXCYH,Bob Brown,24,0726346255,Female
2686871,I901,DW0BNAIB,Jack Brown,64,0780862112,Male
2859246,D456,UVDPVZUC,Alice Garcia,32,0796558604,Prefer not to say
2299311,J012,0G3I1O73,Alice Smith,29,0767139565,Male
2598808,G789,RY0ERA78,Jack Martinez,23,0776023963,Other
2366124,E567,SB84LTS3,Ivy Lopez,53,0701309815,Female
2700975,A123,49MGR0DZ,Emma Lee,21,0714123825,Female
3268483,D456,ERGTPWRB,Bob Hill,23,0767304376,Male
3242162,I901,HZFFZQ7H,Charlie Garcia,42,0784004019,Prefer not to say
2690697,A123,4PGWPHRK,Emma Lee,23,0722026789,Female
2874317,I901,L1OQJMLG,Henry Smith,23,0758406086,Male
2895597,G789,WVCXSUS6,Frank Lopez,31,0732922598,Other
2994281,J012,SNZ0CE44,Frank Jackson,35,0782637212,Other
2396401,C345,K82EG6PV,Emma Hill,42,0777734184,Male
2610589,C345,Z2DK5KPP,Emma Lopez,56,0788061590,Male
2417821,A123,QYINK4KA,Jack Garcia,28,0787006623,Other
2782374,F678,ZAPJCJFE,Jack Lee,22,0721408689,Prefer not to say
2313541,G789,ZHSPIEZ7,Grace Lee,30,0753441545,Prefer not to say
2434277,J012,U1YFUJH6,Grace Brown,27,0723424980,Other
2397739,H890,BZKTGUS5,Alice Hill,65,0795983344,Prefer not to say
2220559,H890,SLVSWX5Q,Frank Brown,43,0735180220,Prefer not to say
3043066,F678,ECVSD2BX,Frank Garcia,32,0719150168,Male
2778113,G789,BFYBGNKL,Henry Jackson,34,0713006530,Female
2582144,J012,37OC7RHQ,Bob Garcia,36,0770023478,Prefer not to say
2509728,F678,NPAEGYVB,Emma Johnson,34,0714920820,Prefer not to say
2281879,F678,RIYOXRBE,Frank Brown,49,0742731427,Male
2631434,D456,SBXTDWPP,Jack Lee,37,0738533191,Other
2315310,A123,UEL6DW3L,Henry Johnson,42,0738249904,Prefer not to say
3055232,E567,JPOJWR47,Jack Martinez,57,0706818423,Male
3060628,H890,V5ATIRSG,Henry Johnson,47,0742406926,Female
2834830,C345,NHIP9DPA,Ivy Martinez,21,0799883163,Other
3011230,D456,60533ZPY,Alice Jackson,21,0719889852,Prefer not to say
2412278,E567,ZJOIBKB3,Alice Brown,18,0770047703,Female
2312643,D456,YPB06L7K,Jack Lee,57,0750968413,Other
3287102,F678,IBR75STD,Henry Smith,62,0790078526,Female
2632068,J012,NZK5W27V,Charlie Jackson,27,0715610688,Female
3071809,E567,OUOPTMU5,Bob Smith,49,0789391104,Female
2382957,A123,SFJ61WIJ,Jack Jackson,43,0719978872,Female
2212866,B234,T2QYI0QL,Grace Martinez,33,0754401561,Other
3129422,E567,R4EGLQ3C,Emma Jackson,57,0714162171,Male
2969648,C345,3IBRPB95,Frank Jackson,26,0752722240,Other
2502416,C345,9F5VOPOI,Alice Hill,59,0709402064,Male
2868296,A123,NICUS65B,Alice Smith,24,0701191490,Female
3138474,G789,JOEPR11T,Bob Lopez,57,0774769987,Female
2817499,A123,WAGFPEIG,Bob Lee,43,0749584837,Prefer not to say
3296554,C345,O66J34NX,Grace Garcia,38,0737366006,Prefer not to say
2728922,B234,94O0NQL4,David Johnson,18,0736909411,Male
2744812,A123,KWXIJAOP,Bob Johnson,45,0789123720,Prefer not to say
3281245,D456,7NW7HA7G,David Lee,24,0773156645,Female
2605209,A123,E31UZQ2Q,Henry Jackson,52,0739176659,Male
2800186,D456,EGXCCPRN,Frank Garcia,44,0775738229,Female
2809146,D456,1E1AZTEW,Jack Brown,37,0757692952,Female
2296428,C345,YUSTG2OD,Henry Lee,61,0787042057,Male
2747641,F678,HNT7O3QD,Ivy Martinez,57,0721706322,Other
2320856,C345,9TCLVRRO,Henry Lee,43,0737107557,Female
2975839,J012,W171874H,Henry Davis,24,0734147478,Male
3166944,G789,W77464NS,Charlie Hill,40,0727280894,Other
2500003,I901,YFRPS5C7,Henry Smith,29,0745389799,Female
3172523,I901,61RG3L9Y,Frank Lopez,28,0749918467,Other
2731012,H890,OXK8ZHQ2,Ivy Lee,36,0778668656,Male
2788066,C345,NZXRNCO2,Bob Garcia,22,0708215907,Male
2548220,A123,1OO4CHUO,Charlie Hill,41,0791035799,Prefer not to say
3089352,G789,DDY14D2N,Emma Garcia,60,0724072909,Other
2733995,D456,OMW3VSIZ,Bob Lopez,51,0725183164,Prefer not to say
2604158,B234,EAYVMGES,Henry Garcia,19,0709815755,Prefer not to say
2570302,I901,4WX5JXE7,Bob Lopez,51,0721657201,Female
2412449,G789,DRYC8I0M,Ivy Lee,49,0711997578,Male
2970899,A123,GU2ACREB,Ivy Smith,64,0797700061,Prefer not to say
2466933,H890,BBSV52A4,Jack Johnson,27,0716344384,Female
2802449,A123,JDS2096X,Jack Jackson,47,0701934268,Prefer not to say
3264365,J012,T5T5R75I,David Lee,43,0763260251,Female
2965635,H890,F057TRXF,Ivy Lee,65,0730749025,Prefer not to say
2852937,F678,KQGP5T3Y,Ivy Lopez,18,0776154577,Prefer not to say
2930384,C345,EPFOA08N,Ivy Garcia,40,0766123087,Female
2950654,D456,K128EA8L,David Smith,25,0785827238,Prefer not to say
2229293,I901,SSGL0GGQ,Henry Davis,32,0716225070,Prefer not to say
2362133,I901,1720U3ZL,Jack Garcia,55,0740916746,Female
3255538,H890,ZSAEIXU2,Charlie Lee,28,0712122569,Male
2341124,I901,BXPU7ZOS,Jack Smith,57,0791852390,Male
2328834,B234,4TXFV7X7,David Lee,51,0733035823,Male
2930292,E567,3V46USGE,Ivy Davis,24,0772334096,Male
2385942,A123,7M3LWMLB,Grace Lopez,28,0796195186,Male
3291463,C345,72YD3E3K,Charlie Lopez,33,0795790792,Female
3194195,D456,2JA7G98H,Jack Lee,53,0782556724,Male
2818110,A123,R2R6MSSI,Emma Lopez,56,0744141796,Other
3098199,I901,0TTYPQT8,David Jackson,47,0794788162,Female
2822680,A123,HMCW2FB2,Frank Brown,35,0798866872,Other
2532390,C345,Q8NDENCW,Jack Hill,62,0715901498,Female
2251719,E567,3YFWUEPL,Charlie Garcia,61,0732639848,Male
3136851,G789,AKEHHL7Y,Ivy Smith,57,0791018140,Male
2326657,F678,RCX7TLOQ,Henry Hill,56,0706570056,Female
2997396,E567,M71QW6IJ,Charlie Garcia,47,0791733535,Female
2899609,C345,7YM4P6RC,Ivy Lopez,32,0778839629,Other
2702347,B234,R2U86VIN,Grace Davis,48,0721607151,Other
2939290,E567,K5MX8A2I,Henry Brown,38,0773484513,Female
2763814,A123,4PMK5VMG,Grace Davis,38,0774714949,Prefer not to say
3078477,I901,LJ9MA0P9,Frank Brown,58,0723529931,Male
2958379,G789,94AXOUSE,Grace Hill,25,0798233292,Male
3273194,C345,V6YHNOZV,Charlie Lee,26,0779211122,Other
2536808,B234,U9O0T85E,Bob Smith,24,0728329835,Male
3241515,D456,861RGY8I,Ivy Hill,64,0772512263,Female
2641655,G789,6XJZU97O,Charlie Davis,19,0724217749,Other
2615696,I901,X7QYWLJ0,Bob Johnson,23,0707931319,Male
2270533,A123,ZYIA66OV,David Smith,56,0780751767,Male
2695077,I901,FHZ3BHK6,David Johnson,55,0788427740,Female
2228244,E567,BC6J3J67,David Smith,55,0717547432,Prefer not to say
2569531,B234,4EB5LRG5,David Lee,51,0746307378,Other
3065186,C345,WP53FVII,Ivy Hill,65,0755317685,Male
2289251,G789,LTBCRODG,Henry Jackson,39,0730854591,Female
2825231,H890,OQNOFFBB,Bob Lopez,47,0796993964,Male
3112717,E567,B90S8WD4,Henry Hill,24,0744849855,Male
2547976,C345,7LCONJBT,Jack Johnson,40,0712755324,Prefer not to say
3269396,I901,AFZUNFW2,Charlie Lee,22,0719043591,Other
3263248,F678,GC50WB6T,Jack Jackson,24,0750942353,Male
3064862,J012,2NR6KFAQ,Emma Jackson,26,0735180787,Prefer not to say
2678900,C345,WHZ5N5X9,Frank Smith,23,0739691474,Female
2837185,F678,IDED60U7,Charlie Johnson,45,0717561851,Other
2562625,G789,BX005CX0,Alice Martinez,28,0729522930,Female
3028661,F678,F2HER505,Jack Hill,50,0730826782,Other
2751489,E567,AQSF29EM,David Smith,35,0763383579,Prefer not to say
2246729,J012,PISCW1W7,Frank Martinez,55,0786345807,Prefer not to say
2238064,C345,IRQYJQJE,Emma Jackson,30,0774584904,Male
2594721,C345,0TVKHY9K,Grace Lopez,54,0743272299,Female
2334432,E567,FOH3WUS2,Charlie Johnson,42,0771328167,Prefer not to say
2842386,J012,UAW40IOZ,Charlie Johnson,39,0785585091,Other
2510663,F678,FDZ1S3VH,Grace Lee,65,0723477200,Female
2709918,E567,25PISACX,Emma Jackson,22,0768546137,Prefer not to say
3171322,E567,Z1M6ZK7A,Jack Davis,40,0749213802,Other
2953796,J012,SZNKGN2J,Emma Martinez,45,0774007307,Other
2913092,B234,DJY9F0B1,Grace Brown,54,0706802190,Male
2428690,J012,JV21H11U,David Jackson,23,0701107470,Female
2360711,F678,BX2VLW1O,Grace Lopez,37,0784713989,Female
2887852,F678,WKS1I8MT,Grace Smith,65,0758259628,Female
2783273,A123,2X5IH7N1,Jack Jackson,25,0782644019,Male
3278504,D456,X8SBMUIJ,Bob Jackson,33,0761819691,Prefer not to say
3155111,E567,9TXH4VMO,Bob Smith,52,0705268387,Prefer not to say
2630625,I901,PZJGYZ95,Jack Hill,55,0724456091,Prefer not to say
2616901,F678,O9L9ITSQ,Emma Lopez,49,0708135958,Prefer not to say
3145571,B234,2WQJDIAI,Frank Brown,62,0764922942,Female
2251098,J012,8NVGHE41,Ivy Lee,55,0769283028,Other
2564369,F678,5ZRS6I4S,Henry Martinez,26,0783460766,Prefer not to say
2771410,I901,CIBO0YHG,Emma Davis,18,0771270431,Male
2233830,I901,R8EFGGLP,Ivy Smith,62,0786522509,Prefer not to say
3030009,G789,XTRBQCYJ,Charlie Lee,46,0765259672,Male
3179573,I901,GZ4JOUNC,Emma Hill,31,0792079013,Male
2676295,C345,ZOS3M7EY,Emma Lopez,53,0739284246,Female
2314278,H890,D5C47OTB,Ivy Martinez,34,0741944863,Prefer not to say
2431562,F678,9O12AXKW,Henry Johnson,49,0731281369,Prefer not to say
2533607,H890,43SJANCJ,Grace Lee,25,0741751805,Female
3073026,B234,16WUC8RI,David Johnson,35,0720675087,Other
2797071,I901,9OE6QTEA,Alice Lee,51,0750299278,Male
3104276,G789,ORVT1M5N,Bob Hill,20,0746857862,Other
2280974,F678,6YBHJPF9,Ivy Davis,48,0797486288,Female
3090563,I901,MUG22OWA,Grace Lopez,18,0703020669,Other
2789564,C345,9WPEYK84,Grace Lopez,63,0732171133,Prefer not to say
2865382,I901,4CLQ42EA,Grace Lopez,24,0719062567,Prefer not to say
2501333,B234,YIMWMZD2,David Brown,63,0793267594,Other
3021974,I901,4GFJS714,Grace Garcia,23,0754505882,Male
2656420,A123,4AZV40FB,David Lee,27,0705392296,Prefer not to say
2987115,D456,ENANIHN6,Grace Lee,50,0778256534,Other
2509566,H890,E0IZPG3O,Frank Smith,21,0787971027,Prefer not to say
3144877,B234,8X8SW61V,David Johnson,62,0748150159,Other
3032706,B234,G9PYX1K4,Grace Johnson,32,0723501607,Female
2720920,A123,6Z6FYVOF,Alice Johnson,30,0788203697,Male
2801656,D456,7VRDGHBQ,Jack Smith,52,0762070000,Prefer not to say
3058713,G789,N2MGFSV3,Frank Garcia,58,0762099386,Female
2394389,F678,MHFE487S,Frank Jackson,30,0769432175,Male
3262862,I901,HRBPW39U,Jack Lopez,58,0791833804,Male
2517920,F678,3VBNWGHO,Alice Smith,22,0786026719,Prefer not to say
2599265,H890,2N4QVF6B,Henry Davis,19,0714819778,Other
3026903,J012,1FZE2NRA,Jack Jackson,62,0711832953,Male
2910899,F678,6WDPUM9A,Grace Brown,65,0709995654,Male
2534348,H890,3N2W1Z32,Grace Lopez,31,0792859553,Other
3173027,I901,0G1XMNNB,Jack Johnson,34,0753312014,Other
2990111,B234,HW8KWFIM,Charlie Jackson,44,0778713353,Male
3203737,F678,HH0KQHYP,Henry Martinez,36,0774778403,Male
2263073,B234,5W9G3BTH,Alice Jackson,19,0760823325,Female
2970362,H890,DQOBS4PW,Charlie Hill,43,0784110909,Other
2719938,J012,O6LUPYMA,Charlie Davis,24,0790738180,Prefer not to say
3297680,E567,EDM9ZOCW,Henry Martinez,63,0784234618,Other
3150949,J012,12MTFG98,Charlie Lopez,32,0712157414,Prefer not to say
2449286,C345,1QDI63DJ,Ivy Lopez,39,0728028518,Other
2326871,I901,6UJWG1ZY,Henry Johnson,41,0771768833,Prefer not to say
2435661,D456,QO7KP4HL,Jack Brown,38,0712953720,Prefer not to say
2953508,A123,JPBA1HMJ,Henry Smith,44,0709901950,Other
2290584,A123,KEBBBUCG,Bob Brown,61,0763289948,Other
3035570,I901,DFBZP2KZ,Bob Lee,58,0788146232,Other
2701062,H890,JKN85Z9I,Charlie Martinez,58,0753159500,Prefer not to say
2607644,J012,1194KY0Q,Grace Martinez,58,0778753261,Female
2221789,E567,BEV056CG,Frank Johnson,42,0767545257,Male
2668848,J012,FR9G2BZY,Frank Davis,60,0796764076,Male
3247253,F678,LQTY8UUG,Ivy Smith,20,0741627978,Male
2443232,A123,6CVGOYGH,Alice Davis,62,0708965371,Prefer not to say
2391285,H890,X2FAV90S,Frank Hill,46,0782479223,Other
2811268,H890,UEZQ4YW0,Emma Lee,54,0792386386,Other
2839557,A123,PAQUEI85,Grace Johnson,30,0764635344,Prefer not to say
2306018,A123,DT7JINBL,Emma Johnson,59,0789397056,Male
2933784,J012,GBBHDGXW,Bob Smith,61,0761621581,Male
2669004,A123,WRT907KA,Frank Smith,61,0751046146,Prefer not to say
3017759,C345,TLUSRC8X,Bob Lee,64,0767625236,Female
2851477,J012,6BF0VB68,Bob Brown,23,0711971753,Prefer not to say
2513728,G789,8AV9A7RY,Frank Jackson,47,0723751097,Female
3053548,A123,4ORGQQG9,Grace Garcia,22,0789840467,Male
2612630,B234,KN2CGSZG,Bob Smith,44,0753089168,Prefer not to say
2236511,C345,STXYF8E2,Jack Hill,22,0754109346,Female
2694108,H890,2Y6XZSRZ,Frank Jackson,38,0764293801,Other
2665084,J012,Y91OL4TY,Alice Davis,47,0763249241,Other
2230539,A123,D6AP6VH0,Ivy Lopez,40,0786418369,Prefer not to say
3033443,H890,70HMWO4A,Ivy Garcia,26,0726916864,Male
3209409,D456,7RPJQ4EV,Emma Hill,24,0782711744,Male
2957871,H890,ZZMP93M4,Ivy Hill,33,0728521449,Other
3182733,J012,NPEY19U6,Bob Garcia,37,0741070122,Male
2491997,B234,D7G0SQDC,Emma Lee,55,0792831900,Female
2769658,F678,UULB7GNC,Henry Johnson,63,0770376007,Prefer not to say
2873920,C345,K1FVXUVY,Ivy Davis,51,0797425591,Male
2394490,I901,A2W0DWVY,Henry Johnson,59,0703436174,Male
2892486,J012,EJKKPC0N,David Lee,44,0731089947,Female
2807229,I901,KZ8SROE5,Charlie Smith,25,0781599214,Female
2416962,A123,N31YTFTO,Jack Garcia,37,0763129055,Other
2721036,B234,N9ZSRJXZ,Grace Davis,53,0736552695,Female
2640363,E567,82CEWI5I,Bob Lopez,37,0791995976,Female
2716645,E567,7WBCHM81,David Davis,64,0712352969,Male
2527466,I901,FVK56JP5,Alice Brown,53,0764867057,Female
3018760,F678,AZS4B4Q1,Emma Brown,29,0771351162,Female
2937001,I901,AAIU7IC1,David Martinez,44,0778812552,Female
2663768,B234,4PQLCEKZ,Emma Brown,37,0799859501,Male
3195567,G789,TJIMQ08P,Charlie Jackson,37,0712863818,Other
2689469,A123,CSG7LYD1,Bob Johnson,34,0781773847,Prefer not to say
2470297,G789,GEJM0L6G,Jack Garcia,38,0790818841,Other
3040487,E567,Z11RLEJV,Ivy Hill,64,0755426804,Other
2865516,A123,W120SSFP,Grace Martinez,24,0799869350,Female
2457088,H890,90L2E4G7,Bob Smith,61,0779133657,Other
3082644,D456,Z8QXJXAR,Charlie Martinez,44,0732722818,Male
3290504,A123,WKUQDN0U,Bob Smith,61,0745293022,Male
2833493,H890,F45PNHAT,Emma Hill,20,0707218368,Other
2931810,A123,WQXA4FKX,Emma Martinez,24,0739020070,Male
2252937,G789,WMKHSS1I,Bob Jackson,49,0709570579,Prefer not to say
3034252,G789,QBTAWQ7N,Frank Lopez,20,0709930302,Male
2750197,E567,Q6AJQU5P,Charlie Davis,65,0788253283,Other
2930773,D456,II1R7HKS,Jack Hill,41,0704229385,Prefer not to say
2805619,A123,9TAYXISI,Alice Smith,63,0764365652,Female
2447356,F678,BS0MNJJY,Henry Smith,42,0793912372,Other
2649625,B234,TANPAJZN,Bob Jackson,48,0759616116,Prefer not to say
2805724,I901,IELRV9K9,Ivy Brown,39,0704273342,Male
2246044,G789,NH5H0RB4,Charlie Garcia,55,0720565728,Prefer not to say
3151782,E567,XCNKE1YE,Jack Lopez,31,0755768356,Other
2431281,E567,RHO8DO6Z,Alice Lopez,56,0732749022,Male
2677353,I901,33DH5JL1,David Smith,42,0750577675,Male
3229461,H890,6PUL0DVX,Frank Lopez,39,0738532924,Female
3143662,D456,QUG298N2,Henry Lee,52,0794527368,Other
2523593,D456,J0NWMVIA,David Garcia,65,0766633599,Male
2544842,H890,H9YB0HNY,Charlie Garcia,22,0730702837,Other
3015078,B234,PF9D7DUX,Henry Martinez,61,0718721813,Other
2449258,B234,U45CIPXQ,David Johnson,30,0727715239,Female
2507557,H890,GNOMN9OY,Grace Davis,21,0721334090,Prefer not to say
2335229,E567,X1LH7LBY,Charlie Smith,26,0731984882,Male
2533148,D456,LBF927WH,David Lopez,40,0702495893,Prefer not to say
2255842,G789,SE0UPHIY,Henry Garcia,51,0713415097,Male
3076514,I901,77RZT4GD,Henry Johnson,22,0722852053,Other
2808365,G789,N01H8NXT,Alice Lopez,47,0713074180,Male
3265795,B234,CO2ND37A,Charlie Smith,32,0711238444,Male
2816001,H890,M060DUNJ,Frank Martinez,58,0799805901,Other
2251250,C345,L4L3EDT1,Frank Martinez,46,0713265368,Prefer not to say
3256806,G789,6VZ5LPRE,Frank Garcia,22,0765610387,Female
2606022,J012,D2GKACMX,Grace Martinez,24,0785173928,Other
