PolicyNumber,PolicyProvider,Policy Sataus,Begin_Date,End Date
RAEIKGJS,Saga,Closed,2030-12-03,2034-12-05
531JCN2X,AXA PPP,Active,2020-12-19,2040-11-17
WVZBD2VF,Aviva,Active,2021-06-10,2032-08-24
6FBZJICG,WPA,Active,2007-09-30,2009-05-16
QA8HAJQ8,BUPA,Active,2043-06-01,2045-02-06
TIFDV99R,WPA,Active,2011-07-02,2026-12-04
L4BU8KWR,AXA PPP,Closed,2042-06-21,2044-09-07
AMENWWYM,Saga,Active,2020-08-23,2045-01-11
RYRZWAS1,AXA PPP,Active,2032-06-12,2042-10-02
2CVQ65NT,AXA PPP,Closed,2007-07-20,2020-11-14
V6CW5SNR,WPA,Active,2013-01-20,2034-11-28
ZN5JZQOZ,BUPA,Closed,2031-02-03,2039-06-19
381G5IUG,Saga,Active,2042-02-28,2042-12-31
260M0LGW,Saga,Active,2030-09-22,2035-04-14
HFEJBRE7,BUPA,Closed,2033-11-17,2037-01-24
A0W77TOY,AXA PPP,Closed,2005-03-10,2016-09-24
1JIEMITM,BUPA,Closed,2039-10-11,2041-11-26
VGVBSU9F,BUPA,Closed,2015-05-26,2020-01-04
YYDKOWX9,Saga,Active,2021-09-28,2024-06-16
MG72WMXP,AXA PPP,Closed,2003-02-22,2039-11-23
R842HTB9,Saga,Active,2001-10-02,2035-06-07
O0FVMZNG,Saga,Closed,2038-06-24,2043-10-27
IUM19KME,AXA PPP,Active,2025-09-09,2027-10-04
NTNBGOC1,Aviva,Active,2000-09-22,2013-03-02
KF0A956A,Aviva,Active,2044-05-04,2045-04-28
CQK4E809,AXA PPP,Closed,2004-11-24,2031-09-13
GH6JYBAY,Saga,Active,2022-02-12,2044-05-23
COX7OC4X,BUPA,Closed,2016-06-19,2038-06-29
6MUV7YEL,WPA,Active,2022-09-20,2044-04-24
WDH7GLCH,Aviva,Closed,2039-02-07,2039-07-04
G03GV7WY,Saga,Active,2026-02-22,2038-01-24
SYDG356N,WPA,Active,2040-02-19,2042-04-28
1IHZC4T4,BUPA,Active,2014-04-11,2038-01-09
IEK739TU,Saga,Active,2024-05-30,2027-06-26
UBM7X05F,WPA,Active,2043-11-19,2045-05-30
94STNLVH,Aviva,Active,2002-03-22,2002-04-09
O21FA20F,BUPA,Active,2014-02-06,2017-09-02
DIT8SLEB,Aviva,Active,2042-04-25,2044-05-21
698C4SGM,WPA,Active,2009-11-17,2038-05-26
9IXB1W5A,Aviva,Closed,2021-01-05,2031-09-03
NREJQYH0,WPA,Closed,2023-03-31,2044-08-12
HKBDT7GY,AXA PPP,Active,2028-04-21,2045-06-18
RE4EKEZX,WPA,Closed,2021-10-24,2044-10-11
H3EJ9HO7,Saga,Active,2044-08-17,2045-06-16
ITMMW56V,WPA,Closed,2013-08-31,2014-08-03
DP12JLIV,Saga,Closed,2001-04-11,2020-06-09
AGR97O7P,Aviva,Active,2033-02-07,2045-01-18
4GGZJL72,BUPA,Closed,2027-01-07,2031-05-16
WBXJAKMY,Saga,Active,2008-08-04,2022-04-06
56HJSVY5,Aviva,Active,2025-10-24,2038-10-25
L2TNLIA9,WPA,Active,2022-07-28,2024-05-31
0S1W5F6Z,BUPA,Closed,2031-12-22,2040-07-02
DFIZ7RPS,BUPA,Active,2034-06-25,2040-02-09
3M460QSU,Saga,Closed,2038-09-06,2040-12-28
10WL3Z0W,BUPA,Active,2034-08-25,2043-05-12
7A676WVX,WPA,Active,2024-10-06,2043-02-07
REYL6LMR,BUPA,Active,2026-02-11,2039-07-17
1O1TKULH,AXA PPP,Closed,2013-07-11,2029-04-16
Q5A17Z81,AXA PPP,Closed,2013-10-07,2020-07-02
CQIDMEOT,Aviva,Closed,2003-10-11,2033-12-20
F8547Y2L,Saga,Closed,2006-10-27,2042-08-12
16IPHWJ1,Saga,Closed,2019-03-11,2027-01-18
ZZG799JX,BUPA,Active,2039-07-20,2044-01-18
9YLA8TCH,Aviva,Closed,2002-11-20,2035-12-29
LZRYQU6F,BUPA,Closed,2023-01-05,2040-08-29
PIVHGBQ7,AXA PPP,Active,2036-05-12,2042-02-01
ZBHARLP7,BUPA,Closed,2004-12-06,2041-08-04
594EPU20,WPA,Active,2000-12-29,2017-12-30
QKKSN16V,Aviva,Closed,2008-07-31,2020-01-09
HKQ470LF,WPA,Active,2031-02-16,2033-09-18
T90JG709,BUPA,Active,2005-07-08,2038-01-24
3VSX6LX2,BUPA,Closed,2027-01-27,2035-09-30
NW666FD6,Aviva,Active,2041-08-18,2042-02-01
O9GTS8EO,AXA PPP,Active,2005-12-09,2019-06-22
2YFRGUP1,BUPA,Active,2022-04-11,2040-03-24
75MNH288,Aviva,Closed,2020-05-14,2028-11-29
FK0957GK,AXA PPP,Closed,2025-02-07,2040-08-23
016JCLKF,Saga,Closed,2005-05-06,2009-01-14
284MUXUI,AXA PPP,Closed,2042-07-01,2042-08-07
29DY3W96,AXA PPP,Closed,2012-09-14,2033-05-28
VRWW4IKW,BUPA,Active,2024-11-04,2026-10-12
JZRKEVRX,WPA,Active,2033-08-15,2042-07-29
KO42LXAW,Aviva,Closed,2017-09-01,2021-07-17
C80PF7YJ,Aviva,Closed,2045-07-29,2045-11-14
D7OXE5MO,Saga,Active,2029-07-02,2045-04-17
HY5IYXXS,WPA,Closed,2012-10-02,2024-04-05
BCSV0CQZ,Aviva,Closed,2023-01-31,2039-10-22
H9Q663QA,Aviva,Active,2033-05-16,2043-01-12
4CCEBLKS,WPA,Active,2015-05-01,2023-07-05
EDJC7LSD,Saga,Closed,2032-04-01,2035-10-28
AKWEE18L,AXA PPP,Closed,2032-06-10,2037-09-27
C8WCE0V4,WPA,Active,2016-03-08,2026-08-06
0FWJLSLT,BUPA,Closed,2044-01-09,2044-12-23
NO167HHM,WPA,Active,2008-03-20,2011-01-24
Z85UQLON,WPA,Closed,2021-03-06,2022-10-12
2MXBJANM,Saga,Active,2020-07-13,2026-12-31
AX34OQL3,AXA PPP,Closed,2042-08-27,2045-06-08
MIMIC8GY,BUPA,Active,2043-03-07,2044-01-28
RIB7FVZZ,Aviva,Active,2005-06-12,2044-09-23
BCNEHKOP,Saga,Closed,2037-11-15,2041-02-06
ONQG8TYL,AXA PPP,Active,2036-11-27,2041-04-19
W3CQCPP5,AXA PPP,Active,2028-08-13,2039-09-23
JEMOOAP3,Saga,Closed,2027-03-28,2031-08-29
01T7GFH0,Aviva,Active,2012-08-04,2030-06-07
UN9WLAV4,WPA,Closed,2000-09-12,2028-11-16
C74K3C0S,WPA,Active,2017-03-12,2036-09-11
ZGW6SFIW,AXA PPP,Active,2002-10-20,2016-09-18
KSOM7BE6,BUPA,Closed,2037-08-31,2037-12-20
4SB07W62,AXA PPP,Closed,2032-10-24,2034-12-10
6991NSBT,AXA PPP,Active,2043-03-24,2043-11-12
5K62V331,BUPA,Closed,2045-10-23,2045-11-17
YUS3M3EL,WPA,Active,2036-05-30,2038-11-04
BV541DHQ,BUPA,Active,2020-07-15,2024-11-27
XROXFQ61,WPA,Closed,2044-08-01,2045-08-03
21FHA7UD,Saga,Closed,2044-10-05,2044-12-16
GOCX00LW,Saga,Active,2004-07-17,2014-09-26
9BEFOS65,BUPA,Active,2041-11-20,2042-10-06
RK630WI5,AXA PPP,Active,2010-08-26,2042-12-12
90UWIOQM,WPA,Active,2010-03-04,2011-06-01
T9BKEKQC,WPA,Closed,2011-02-01,2041-03-04
7I1M3IIA,Aviva,Active,2043-04-09,2043-11-02
7LNRD7HS,BUPA,Active,2033-01-16,2038-08-30
C20O5LP5,AXA PPP,Closed,2025-04-10,2035-07-14
AZRXCCB7,BUPA,Active,2043-02-10,2045-03-28
UZ1PCS7R,WPA,Active,2018-11-10,2044-10-14
7LJ5D9CZ,Saga,Closed,2021-06-26,2026-09-16
T6CWJ359,Saga,Closed,2036-08-08,2045-04-13
M5DNJ25Q,Aviva,Closed,2011-02-23,2031-04-20
H0AY6BWJ,AXA PPP,Closed,2013-08-20,2024-09-05
NIVNF34T,WPA,Closed,2037-02-16,2041-11-18
FIYEU5N2,AXA PPP,Active,2025-03-23,2036-12-02
FQGN1BR3,Aviva,Active,2030-04-28,2036-08-29
LP0E1AYN,BUPA,Closed,2020-10-16,2037-03-13
LUTD48O7,Saga,Closed,2016-10-21,2038-11-12
LULV1873,AXA PPP,Closed,2028-11-04,2031-09-12
4OZYXWHA,WPA,Closed,2032-03-12,2033-12-20
1EEZ2D1M,Saga,Active,2010-09-12,2018-03-25
N7TDBW36,BUPA,Active,2004-12-31,2019-04-13
3QZ8BWF9,Saga,Active,2042-12-10,2045-04-15
3PDB1KGN,AXA PPP,Active,2033-08-07,2035-09-28
D0FNR1TA,AXA PPP,Closed,2033-07-12,2039-01-02
EEU9UDZ1,Saga,Closed,2026-09-11,2038-03-29
DSKQEKLW,Saga,Closed,2030-10-01,2034-10-20
8TV87WWW,WPA,Active,2032-07-04,2041-09-20
4P5GXSMZ,Saga,Active,2025-02-08,2045-10-19
YC1HHBG5,Aviva,Closed,2000-05-13,2016-09-19
L103MZ00,AXA PPP,Active,2014-12-01,2026-08-02
MCA8PHWX,BUPA,Closed,2041-03-21,2042-01-30
CCEUVD6U,Aviva,Closed,2043-03-20,2043-10-27
FCDQ6XJ4,WPA,Closed,2010-10-14,2018-12-18
249YZ9QH,WPA,Active,2012-10-06,2038-03-29
CVBILGXY,BUPA,Closed,2006-08-19,2038-06-09
RQZ1XF89,AXA PPP,Active,2033-05-09,2045-06-24
WYQ7PYT2,BUPA,Closed,2024-01-01,2029-01-14
XVGD522M,WPA,Active,2012-01-06,2033-05-27
RF6E9Z5S,Aviva,Closed,2025-02-16,2039-12-01
FE3STT8N,AXA PPP,Active,2011-02-18,2043-09-28
KZ3OGOBN,Aviva,Active,2016-05-13,2022-01-07
NOYM4XZR,WPA,Closed,2015-02-20,2041-09-16
R8IMSKXG,BUPA,Active,2039-01-12,2039-12-08
8MNYSITA,Aviva,Active,2028-07-13,2034-02-12
MB57AAUW,WPA,Active,2013-08-05,2041-10-15
J2PJXAU9,BUPA,Closed,2031-07-29,2042-11-01
BXSB6F7M,Aviva,Active,2013-09-30,2014-09-03
YXRHIJ41,BUPA,Closed,2019-05-18,2038-11-29
S2TICROT,Aviva,Closed,2018-11-01,2030-08-15
SL8OZVFT,Aviva,Active,2018-07-06,2028-01-17
12KBY4LU,WPA,Closed,2007-02-04,2017-01-19
7CVE7PFB,AXA PPP,Active,2017-05-08,2020-09-12
TJ8AACHE,AXA PPP,Active,2045-06-26,2045-07-18
677I0SLW,WPA,Closed,2033-03-17,2037-09-15
1EDYMMTR,BUPA,Closed,2011-12-11,2027-03-31
YY5L2C0N,AXA PPP,Closed,2002-06-17,2034-10-22
OTD33Z2S,AXA PPP,Closed,2044-06-16,2045-12-18
2CCTSYJD,WPA,Closed,2037-08-26,2044-11-29
HLOJ2B14,Aviva,Active,2010-05-03,2030-12-21
3VXDE234,BUPA,Active,2034-09-10,2038-02-24
TX44KNOR,AXA PPP,Active,2034-10-18,2041-05-18
PZNAN507,Aviva,Active,2036-02-24,2036-02-29
RCV38DT7,BUPA,Closed,2000-05-08,2000-05-29
6YW1QLIH,WPA,Closed,2033-12-29,2040-02-10
H33JL1HH,Saga,Active,2044-09-07,2045-02-19
M1WQVN4O,WPA,Active,2003-05-15,2036-08-08
TMKO20TO,Aviva,Closed,2027-11-14,2031-12-14
JW8QGI0H,Aviva,Closed,2000-06-01,2041-07-12
COOVKCI6,Saga,Active,2003-10-01,2019-06-08
CVO6BGX2,Aviva,Closed,2034-03-28,2037-08-03
FK2642M0,BUPA,Active,2006-11-02,2029-01-23
TB784IWN,AXA PPP,Active,2003-09-12,2027-10-26
HIJ5TCMM,WPA,Active,2039-08-04,2041-08-04
18ZJP24K,AXA PPP,Closed,2019-05-20,2029-02-08
68SAI8QL,Saga,Active,2001-07-21,2040-07-18
0RBY9X12,WPA,Closed,2033-05-27,2038-02-05
LZWVCQ4D,Saga,Closed,2019-04-02,2043-02-27
4QFSIMWP,BUPA,Closed,2023-09-16,2039-05-05
BP2BE6T0,Aviva,Active,2016-09-15,2040-01-10
8H2LVN0P,WPA,Closed,2023-09-26,2043-08-25
QA9A1J4K,Aviva,Closed,2020-03-10,2028-02-04
0K5XEBQK,WPA,Active,2011-10-05,2033-06-16
MBAWGCH8,Saga,Closed,2012-11-08,2024-10-12
PA5HVLQ8,AXA PPP,Active,2042-12-07,2044-06-24
7CAAS5LV,Aviva,Active,2030-02-15,2037-04-13
74UFIEPH,Aviva,Closed,2002-10-10,2010-05-19
JY2G8T13,Aviva,Closed,2033-05-12,2035-06-21
KKZ9ZH63,Aviva,Closed,2021-05-07,2028-12-28
AE0IQXCX,Saga,Closed,2036-10-20,2044-06-02
2XQQC0SA,Aviva,Closed,2013-03-11,2031-05-25
ZX6WOIQ9,Aviva,Active,2027-07-18,2040-06-20
ZZ796IXD,WPA,Active,2034-08-25,2040-08-05
W2H0K9SQ,BUPA,Closed,2008-04-11,2037-08-20
K87PX90D,AXA PPP,Active,2023-12-30,2040-01-31
94THF06N,Saga,Active,2024-05-12,2037-10-27
VO65NYGC,Aviva,Closed,2028-05-22,2036-06-25
7XG5BTLM,Aviva,Active,2005-01-15,2025-03-17
9SAK5CBG,BUPA,Active,2022-01-26,2030-01-30
ROV3S7KD,Saga,Closed,2012-12-25,2023-09-28
MJTDKMP6,BUPA,Active,2007-05-27,2013-03-04
CT27ZU8M,BUPA,Active,2033-11-16,2044-07-25
IVZ7RKKR,Aviva,Closed,2029-11-03,2036-05-01
FWBADWO4,AXA PPP,Active,2030-04-28,2044-11-18
SKHPCEVJ,Saga,Active,2000-01-30,2020-04-08
ASAD7JF9,BUPA,Closed,2042-06-17,2043-06-05
R5JT1O2C,BUPA,Active,2045-12-18,2045-12-26
1NPKMWT7,Aviva,Closed,2032-12-23,2044-09-04
MT7ZPXYZ,AXA PPP,Closed,2038-06-26,2040-12-08
C5LS3UO4,WPA,Active,2003-01-04,2021-03-06
J9YTKYJM,Aviva,Closed,2044-05-07,2045-09-13
RETCPTRM,AXA PPP,Closed,2031-10-30,2040-08-16
JUFZXRSG,AXA PPP,Active,2008-01-07,2030-09-18
GZJNMAUE,BUPA,Active,2034-08-01,2034-12-06
8345CER9,BUPA,Active,2001-04-17,2017-10-06
R09LUEDS,Saga,Active,2041-07-07,2042-05-18
J1KQD8RP,Saga,Active,2027-03-05,2044-09-12
RDK74RXN,BUPA,Closed,2022-09-24,2034-07-25
RM0CS73I,AXA PPP,Active,2002-03-24,2036-01-23
5RU80ICG,WPA,Active,2018-01-14,2029-07-01
6WVFNAKE,AXA PPP,Active,2037-01-06,2045-10-28
DTH6PUI0,AXA PPP,Closed,2045-01-17,2045-09-30
0JSAR0KM,Saga,Active,2021-09-20,2022-06-25
B42D8VON,AXA PPP,Active,2040-07-03,2044-05-04
6XGP2XJM,AXA PPP,Closed,2040-11-27,2045-11-09
9L9PB1JL,WPA,Active,2025-02-23,2030-04-05
X98J6NYN,AXA PPP,Closed,2037-03-08,2043-06-22
LBQHHOY9,WPA,Active,2036-03-12,2040-05-02
BA9B4B5O,WPA,Active,2014-01-18,2034-09-22
Z7T68JXV,Aviva,Active,2010-12-01,2037-12-21
ELEQSTQR,Saga,Active,2016-07-03,2033-07-19
QDMW9QNL,Saga,Active,2039-01-12,2044-05-08
GP8488RJ,Saga,Closed,2006-11-11,2010-04-19
7TT4M4NG,Saga,Closed,2002-09-04,2007-01-05
BF320UAV,BUPA,Closed,2004-03-16,2021-04-18
1Q4U9MOW,Saga,Active,2007-03-24,2030-06-15
2K9AHXH2,Aviva,Closed,2019-02-25,2042-07-01
ZW2H2Z0T,WPA,Active,2040-12-13,2042-12-20
GH0QY75Z,Saga,Closed,2044-09-12,2045-02-19
E0DR600Q,BUPA,Active,2027-10-04,2030-04-08
IEB3PCF8,AXA PPP,Active,2033-07-17,2035-10-06
DLDHDYHS,Saga,Active,2038-10-02,2039-09-21
XS52GUX8,Aviva,Active,2003-03-07,2010-07-18
M6UKA8WS,Aviva,Closed,2041-09-12,2042-03-09
CZQW5WD7,AXA PPP,Closed,2032-09-28,2039-10-29
9N8FFWG5,AXA PPP,Active,2035-04-12,2043-12-24
WLK32DYZ,Aviva,Active,2026-09-27,2028-10-13
9KVQU5Q5,AXA PPP,Closed,2010-04-14,2038-01-30
KU7S6JF5,BUPA,Active,2018-09-07,2045-02-15
Z98BMNNF,BUPA,Closed,2037-10-12,2038-09-09
XO0C816Q,Aviva,Closed,2030-09-07,2036-10-27
EUWRMSTP,WPA,Active,2010-09-12,2021-03-24
T471VX1Q,AXA PPP,Active,2006-09-24,2022-12-21
TUGTE15S,BUPA,Closed,2014-06-02,2028-05-21
0FMX27R1,AXA PPP,Closed,2007-05-22,2032-07-16
2EGRGWDP,AXA PPP,Closed,2037-01-13,2042-05-21
9FKCA1RR,Saga,Closed,2031-03-19,2036-08-01
0DWIP81K,Aviva,Closed,2010-11-10,2037-05-27
LDSP09UK,AXA PPP,Active,2020-01-25,2024-04-09
MXYJEKG3,Aviva,Active,2004-09-21,2016-09-30
TEZDDOQU,WPA,Closed,2011-10-10,2015-03-12
IG3Q83A1,Aviva,Closed,2016-03-22,2037-12-25
KR88VF6Q,Saga,Active,2044-12-26,2045-09-09
NVORBGC8,BUPA,Closed,2039-02-13,2045-10-11
SZ5F3V46,WPA,Closed,2045-02-27,2045-07-17
I7KT90C3,AXA PPP,Active,2024-07-13,2028-07-24
LUFS4TBJ,Aviva,Active,2013-12-25,2034-03-30
EKZ2PNWQ,WPA,Active,2024-01-13,2039-05-09
UR3G2HTZ,Saga,Active,2025-12-02,2045-05-18
P38ARV0E,WPA,Closed,2022-12-03,2039-02-01
1FPZAILJ,Saga,Active,2016-08-03,2038-05-04
D0NIWRTQ,Aviva,Closed,2003-05-07,2036-10-04
8GZBROBO,Aviva,Closed,2035-10-22,2043-08-31
WJ4MR9DB,Saga,Closed,2045-12-23,2045-12-26
HY81VO9R,AXA PPP,Active,2022-01-26,2038-09-18
AC48UTHE,Saga,Active,2001-11-01,2038-05-13
8Q63BJ3X,AXA PPP,Active,2044-12-22,2045-10-10
RCGQIQJQ,BUPA,Active,2029-12-09,2037-08-03
KXIJ2A09,Saga,Closed,2044-12-30,2045-06-11
OOFY3PC5,Saga,Active,2021-10-12,2029-07-17
JO5TK974,Aviva,Closed,2045-05-11,2045-12-18
4LXO8F5D,Saga,Closed,2011-05-28,2043-09-22
IJZ74PUC,Saga,Active,2040-12-02,2041-07-03
LXW33YCW,Aviva,Closed,2014-09-16,2029-05-16
DIQ9A5CX,Saga,Active,2004-06-27,2035-03-08
P32UU5YP,WPA,Active,2016-06-13,2020-02-04
P0BF18HN,Aviva,Active,2034-02-06,2035-12-31
D2QKRT81,BUPA,Active,2018-06-08,2036-09-06
TD6789HZ,AXA PPP,Active,2011-05-13,2026-08-19
YTLKMXHY,WPA,Closed,2035-11-21,2040-05-12
N7ACZ4PQ,Saga,Closed,2003-06-23,2012-12-10
LPBDBTX7,WPA,Closed,2014-05-16,2020-09-23
YSJCUC5O,BUPA,Active,2033-12-28,2034-10-14
5M096YBA,Saga,Active,2011-04-04,2038-03-22
EIGHG870,Saga,Active,2017-07-28,2038-08-22
2PVZXG4G,BUPA,Closed,2029-05-03,2040-07-25
WR87JAP8,Saga,Active,2019-12-29,2025-04-01
NVTBE4KE,Saga,Closed,2034-08-22,2037-01-01
7DKKU4AU,AXA PPP,Closed,2011-11-08,2045-02-01
JG9MXBCS,WPA,Closed,2020-11-16,2025-11-13
I3I3BRKY,Aviva,Active,2026-09-17,2042-10-03
EO5E68M2,Saga,Closed,2043-05-04,2043-07-01
9VEFS4KR,Saga,Active,2010-05-16,2021-02-13
U1ZK00JI,BUPA,Active,2011-11-07,2033-12-27
372199TX,WPA,Active,2005-06-19,2016-06-20
LES9QSWV,WPA,Closed,2016-03-11,2038-03-07
UA1Q6UY9,Saga,Closed,2014-07-26,2039-03-14
J8SLSL9G,Saga,Closed,2036-11-30,2041-07-18
17T3ROE8,WPA,Active,2013-12-25,2021-04-23
OILRCLBE,Aviva,Active,2044-10-11,2045-04-28
HQVAET74,AXA PPP,Closed,2029-08-31,2044-07-10
UR6BDF8R,WPA,Active,2011-02-27,2022-12-07
L9B1EFPX,Saga,Active,2016-01-06,2021-06-18
HICEYH3P,WPA,Active,2017-01-10,2023-04-24
XQM4ZTKK,BUPA,Active,2031-01-25,2035-01-29
3ZRRFRJ6,Aviva,Active,2044-06-16,2044-07-31
L2XYKXY4,WPA,Closed,2014-03-23,2043-03-07
OW4I20AC,WPA,Active,2041-11-25,2044-09-16
CC3YSHV7,Saga,Active,2028-08-21,2040-05-17
Z0IXLDNW,AXA PPP,Active,2020-06-15,2021-12-05
PGRZYUA0,AXA PPP,Closed,2020-07-25,2032-01-10
5AGEYX07,AXA PPP,Active,2006-09-09,2034-07-27
4275U0HE,Saga,Closed,2005-09-29,2023-08-18
TEALY5V4,Saga,Closed,2013-05-22,2024-08-21
UHE370GH,WPA,Closed,2000-01-21,2000-12-16
YJ33JLSZ,Aviva,Active,2021-10-29,2035-07-11
7VHZV4JG,WPA,Closed,2044-01-28,2044-10-30
FY2QQ280,BUPA,Active,2007-08-02,2034-05-20
LNN1R14W,Saga,Active,2009-07-02,2037-05-14
G2MEDWPZ,BUPA,Active,2044-09-21,2045-05-04
WQ5FC46D,BUPA,Active,2033-12-05,2040-07-06
LPOT05U0,Saga,Closed,2038-06-22,2043-10-29
ETRRU42F,WPA,Closed,2013-01-02,2017-07-10
CCZB0KK3,Aviva,Closed,2035-03-22,2039-02-21
IA93XYZ6,BUPA,Closed,2028-10-08,2031-02-11
01TAWIQN,WPA,Closed,2026-06-25,2043-08-29
JWLT4NYH,WPA,Active,2031-03-25,2032-07-09
3XBLWKBF,Saga,Closed,2023-07-29,2041-02-15
JOAMNXSQ,Saga,Closed,2029-12-12,2034-11-19
V1ALWJLU,Aviva,Active,2014-04-26,2026-12-09
HTZPO510,BUPA,Closed,2007-07-26,2038-01-09
5Q5GVKS9,AXA PPP,Closed,2028-09-14,2034-12-14
K8SVGAGK,Aviva,Active,2022-04-07,2041-06-17
36MOF5T1,AXA PPP,Active,2020-07-26,2021-08-15
2LS01AVS,Aviva,Active,2011-06-24,2018-05-15
N8K1H3ZG,BUPA,Active,2014-07-31,2037-05-01
KXHL9AV4,AXA PPP,Active,2043-07-17,2045-01-13
7ZKYXT28,WPA,Closed,2012-01-03,2028-07-25
YREFU59N,BUPA,Closed,2011-08-01,2041-12-18
QVRPW188,BUPA,Closed,2001-05-27,2040-10-20
GZAJ8OHQ,BUPA,Closed,2038-03-10,2043-09-07
2UGWE988,BUPA,Closed,2000-02-07,2000-02-28
A4U44KVI,AXA PPP,Closed,2015-09-12,2016-02-23
7T2AY2V4,Aviva,Closed,2031-05-13,2039-03-23
3HGYCFX2,WPA,Active,2004-05-21,2037-04-19
T0NXGSP4,BUPA,Closed,2032-03-28,2044-04-03
NHI5KM3R,Aviva,Closed,2014-05-22,2040-04-28
95ZGIGOU,Saga,Active,2012-12-17,2042-08-15
A8BYJZ7C,Aviva,Active,2041-11-11,2044-03-10
G8B5LJ47,AXA PPP,Closed,2007-11-05,2031-02-03
3E97KVOU,BUPA,Closed,2011-11-07,2014-11-21
J1952ECQ,BUPA,Active,2014-04-28,2025-03-19
E5OC0JC9,AXA PPP,Active,2032-01-23,2038-10-04
HJ7EPXR8,BUPA,Closed,2027-06-26,2033-09-04
QQXF8PHM,AXA PPP,Active,2024-10-17,2043-09-19
E4NW3YRX,Aviva,Active,2020-11-12,2041-11-24
599YKIAS,AXA PPP,Active,2026-09-24,2028-03-07
IPMJ7T57,AXA PPP,Closed,2004-10-04,2008-07-20
FKE93CAQ,Aviva,Active,2021-07-28,2037-05-30
AWSKQ30C,Saga,Closed,2016-03-07,2028-12-22
XI9HABOD,BUPA,Active,2011-02-17,2022-10-18
LPBLQ4JL,WPA,Closed,2045-11-21,2045-11-21
YHOOZO70,WPA,Active,2038-08-19,2039-10-26
US16LYT6,WPA,Closed,2043-01-03,2043-01-26
1G385C7C,Saga,Active,2039-10-05,2040-03-01
7XY56MG3,AXA PPP,Active,2028-01-10,2045-01-21
Z7WFD3PJ,WPA,Closed,2012-12-06,2045-08-08
8HIVZL1Y,BUPA,Closed,2007-10-14,2044-04-21
PCWKONC5,Aviva,Closed,2008-03-18,2037-10-17
ZMG77JSM,WPA,Closed,2038-08-27,2042-01-19
W0KNAKDC,Aviva,Closed,2023-10-14,2041-07-05
SG22R9M2,WPA,Active,2040-09-02,2041-04-14
TH9VOJ5M,Aviva,Active,2007-04-06,2036-03-29
EYXXQ1ZZ,WPA,Closed,2000-10-04,2041-06-16
1YTWZCBC,BUPA,Active,2025-04-28,2025-06-16
21Q01E2E,BUPA,Active,2044-06-12,2044-06-21
94XXA3J8,AXA PPP,Closed,2029-02-08,2039-12-26
L1IA12X6,BUPA,Closed,2031-12-01,2033-06-12
EU35N2W7,AXA PPP,Closed,2045-03-15,2045-06-08
091YLN3I,WPA,Closed,2022-05-19,2041-10-06
C124F42J,Saga,Closed,2004-08-20,2031-10-25
XDHZ1PCW,Aviva,Active,2009-01-03,2023-09-02
FS7OIA76,Aviva,Closed,2003-09-25,2037-07-06
PCF48LD2,Aviva,Active,2025-01-28,2028-01-26
QNXY5EP3,BUPA,Closed,2004-01-27,2041-04-05
M6TSQDEM,Aviva,Closed,2041-07-22,2041-08-06
GISOG7VO,AXA PPP,Closed,2006-05-07,2029-06-19
2IEI853Q,WPA,Closed,2015-10-31,2045-04-16
OUIZ3ZV7,Saga,Active,2033-03-02,2037-02-20
XW3E9MV6,AXA PPP,Active,2005-12-11,2015-10-18
Q6PO4TNI,BUPA,Active,2010-10-06,2014-12-14
M5UNPD33,Aviva,Active,2040-05-19,2044-05-22
N71M267Q,BUPA,Closed,2004-11-04,2027-08-28
SMLJ9IH8,AXA PPP,Closed,2005-08-14,2034-12-15
PM4F5ALI,AXA PPP,Active,2045-03-02,2045-12-15
Y4D7FK7R,BUPA,Active,2013-09-19,2038-09-23
ADP5RKDW,Saga,Closed,2024-01-01,2036-07-22
WMJVCZ4C,Aviva,Closed,2031-03-22,2042-07-16
DIHBVW2F,WPA,Active,2029-12-23,2037-01-31
NN6XDCN3,WPA,Active,2003-12-03,2039-10-06
QT8H529S,WPA,Active,2032-11-20,2040-08-31
V445A0DE,WPA,Closed,2026-06-03,2034-02-25
HT18J87T,Aviva,Closed,2013-12-25,2038-07-30
HJ2VQJ89,BUPA,Active,2000-08-29,2038-10-15
61OAKA99,WPA,Active,2039-03-23,2044-04-27
T2O1HLQW,Saga,Active,2045-06-09,2045-09-16
PX2HRN2T,AXA PPP,Active,2006-01-10,2043-09-03
A01QGSFE,WPA,Active,2011-06-08,2020-09-16
BKYHB71G,Aviva,Closed,2017-12-11,2022-03-18
0JN25XAD,AXA PPP,Closed,2020-09-08,2028-10-03
HJAVEZPH,Aviva,Closed,2024-01-23,2035-04-29
YPTSJX6Q,BUPA,Active,2032-05-27,2038-04-01
L6JSS036,Aviva,Active,2005-01-15,2024-08-19
H36YN9U0,Saga,Active,2032-11-24,2039-04-01
0PAMEVAU,Aviva,Active,2028-09-07,2035-02-24
RPDMD28R,AXA PPP,Active,2014-08-09,2015-12-05
K7BC20L5,Saga,Closed,2029-08-24,2030-05-02
I3RHUOHU,AXA PPP,Closed,2001-11-03,2009-06-22
LF8D0N3Y,WPA,Closed,2037-08-11,2044-09-17
LEOIH80O,Saga,Active,2005-03-03,2014-03-16
IF8KW14C,BUPA,Active,2019-01-28,2028-03-02
AZBGPRQL,Aviva,Closed,2040-02-01,2045-06-01
29D2J6AH,BUPA,Closed,2001-01-23,2027-10-09
ZGWOSO13,Aviva,Active,2021-08-19,2033-07-28
D8QSF52G,AXA PPP,Closed,2029-12-30,2040-12-29
4PBLQ3GM,WPA,Active,2025-11-28,2045-10-17
8FT2I6GK,Saga,Closed,2042-07-28,2043-10-14
P9DX48CC,WPA,Closed,2019-06-02,2031-09-15
BOIAWP5E,Aviva,Closed,2040-06-23,2041-11-24
OXIWZFJX,Aviva,Closed,2026-07-25,2038-04-28
2T1N2M9C,AXA PPP,Active,2023-03-02,2027-07-20
6VUBJ7FT,AXA PPP,Closed,2041-07-04,2044-01-16
JB3VA24M,AXA PPP,Active,2020-05-08,2025-08-14
0X8MTG8F,WPA,Closed,2004-07-19,2006-05-10
IT7JHDU1,AXA PPP,Active,2001-11-10,2042-09-17
KQFH7ALB,Aviva,Closed,2017-06-21,2045-10-06
K6FJO2V6,BUPA,Closed,2016-11-26,2043-06-01
JG5UL0NA,WPA,Active,2011-11-18,2023-12-26
JI29POMM,Saga,Closed,2037-06-22,2039-06-01
796HGFM1,Saga,Closed,2006-05-01,2033-12-09
J8MW6S45,Aviva,Active,2009-08-04,2040-02-09
L9GN9IVX,BUPA,Closed,2012-07-12,2033-06-16
KPPV2UAK,Saga,Active,2034-11-30,2045-12-08
Z8LNBQ8M,Aviva,Closed,2004-06-03,2026-11-30
FFSWX5MI,WPA,Active,2023-09-14,2034-02-03
08AX4TPM,AXA PPP,Active,2044-01-31,2044-12-18
ETBP0EZR,BUPA,Closed,2044-04-14,2044-12-29
TCRUW9IB,WPA,Closed,2038-04-04,2039-03-23
GYP3G2CM,Saga,Active,2017-10-04,2022-02-18
MKFPAWB9,Aviva,Closed,2023-09-28,2041-09-12
R3ABBKSH,BUPA,Active,2043-04-14,2044-08-30
I8L6Q1PV,Aviva,Active,2015-07-31,2031-06-20
KFH0PO74,Saga,Closed,2044-01-12,2045-11-29
W4Q1UALG,AXA PPP,Closed,2013-05-28,2013-05-31
X179CXOG,BUPA,Active,2034-03-03,2044-07-10
YXA1NJHP,AXA PPP,Closed,2001-03-22,2009-08-31
7K2PJGVK,BUPA,Closed,2019-10-26,2033-05-14
ZNHK3Y6T,WPA,Closed,2041-06-05,2045-01-12
2Y61D5AN,Aviva,Closed,2006-07-09,2017-09-09
A6WQ6GQY,AXA PPP,Active,2036-12-16,2039-05-06
B8RHTTNS,BUPA,Closed,2027-01-01,2029-11-04
BVK6JMXB,BUPA,Closed,2018-04-24,2039-03-26
W0EG32YB,AXA PPP,Active,2026-07-14,2032-12-13
29L5P0PQ,WPA,Closed,2017-03-12,2021-05-24
KJUFIXHR,Aviva,Active,2007-08-09,2021-01-19
W28SNRA5,WPA,Active,2004-03-07,2010-10-04
XEB3BVJJ,BUPA,Closed,2015-07-24,2035-03-23
VUAAGBIN,WPA,Active,2025-05-23,2033-04-26
PY88BAS2,BUPA,Closed,2029-04-12,2041-11-30
EPV9U2XG,WPA,Active,2015-05-26,2039-06-26
7PIWXQOR,AXA PPP,Active,2022-11-04,2027-08-27
3YLX02PL,BUPA,Closed,2025-03-22,2025-12-18
CJ25IGC5,Aviva,Closed,2025-09-17,2038-06-23
2YCJH0TS,Saga,Active,2003-05-07,2015-10-03
7BGPP8U4,Saga,Closed,2027-11-21,2032-07-05
VEXTAMPC,AXA PPP,Closed,2041-07-09,2045-03-12
4GAV7ZBW,BUPA,Active,2021-07-15,2034-07-08
DBK2JPYC,WPA,Closed,2035-10-05,2040-09-13
HZ8HIIIV,Saga,Active,2011-08-11,2041-11-25
BJ3PB4X3,AXA PPP,Active,2025-03-27,2028-09-05
M3JNMECQ,BUPA,Active,2014-02-10,2045-08-31
C1UVD19D,BUPA,Active,2028-07-05,2042-07-30
4W2X8HS6,Saga,Closed,2021-01-08,2030-11-19
5UG9GI2A,Aviva,Active,2013-03-23,2041-07-25
M79IFP66,WPA,Closed,2040-12-24,2041-10-31
JZQJUIAW,BUPA,Active,2043-04-21,2044-09-15
ZL768X0I,BUPA,Closed,2042-04-04,2042-04-28
J7KSL9FS,Saga,Closed,2021-10-13,2030-05-08
EOL6WHMH,BUPA,Closed,2041-03-25,2045-06-09
U6F3KSUE,WPA,Active,2009-02-01,2017-04-25
XC7GOBWQ,Aviva,Closed,2014-06-07,2043-11-06
9SYL8VDI,WPA,Active,2016-06-20,2034-09-10
8Z4YCWDQ,Saga,Active,2015-05-05,2017-01-12
GIADOBWE,AXA PPP,Closed,2039-03-13,2041-12-18
17ODI16A,WPA,Closed,2022-12-01,2036-05-13
XW6QXXHE,WPA,Active,2027-05-03,2042-06-27
J3L9TQP8,Aviva,Closed,2038-04-15,2039-01-25
5DQ3CWHA,BUPA,Active,2024-06-06,2033-01-24
20P0FWLY,AXA PPP,Active,2035-08-12,2042-05-16
4HXU9JAH,AXA PPP,Closed,2003-09-28,2045-10-27
8KJZDHLR,BUPA,Closed,2030-01-30,2033-02-01
JE6ZM130,AXA PPP,Closed,2000-08-05,2022-02-25
FSCMNIDO,Aviva,Closed,2008-10-27,2025-08-12
EKZT2G13,Saga,Closed,2036-12-28,2038-10-31
Z9KZITZL,WPA,Active,2007-09-26,2018-09-29
366ZK5QL,AXA PPP,Closed,2016-04-15,2024-06-16
9IRLZBYG,Aviva,Closed,2041-08-28,2044-10-27
FCY1JEXA,WPA,Active,2044-05-08,2045-11-18
V5RJNXHC,WPA,Closed,2044-11-04,2044-12-05
2SDXL6CR,WPA,Closed,2028-09-19,2043-10-03
1NDGOCTE,Aviva,Active,2011-12-31,2028-10-23
FCIRJPIQ,WPA,Active,2033-07-31,2045-08-09
AYJEX4NN,Aviva,Closed,2004-01-15,2011-01-13
IME7STQA,BUPA,Active,2018-08-11,2044-05-25
2QSBXPAK,WPA,Active,2035-08-23,2041-09-26
L0NQUEBU,Aviva,Closed,2016-10-16,2033-08-11
QSB2WF34,AXA PPP,Closed,2040-12-22,2041-03-05
REWBGF0Z,WPA,Active,2017-03-13,2043-06-30
7H1MGAD1,Saga,Closed,2042-02-03,2045-01-26
T54VY1AP,WPA,Active,2037-05-01,2038-05-25
V2QHTXZ0,AXA PPP,Closed,2020-02-11,2042-07-20
SYE96927,BUPA,Closed,2006-08-07,2022-09-05
RDZRCUU3,WPA,Closed,2002-06-12,2024-11-21
SO0RZ516,Saga,Closed,2044-09-04,2045-07-16
HWJ93ZWZ,Saga,Closed,2023-09-24,2041-09-14
AHEYDC1X,WPA,Active,2021-09-14,2044-01-26
6MY4TRPL,Aviva,Active,2023-02-24,2032-12-21
FFP86MFQ,WPA,Active,2007-07-11,2013-06-30
3EEVPJXE,Saga,Closed,2009-11-14,2039-06-23
NQUF0BFA,Aviva,Active,2014-08-04,2032-02-03
06KI2HM1,WPA,Active,2043-05-11,2044-03-18
CYIAVV4H,Aviva,Closed,2023-07-24,2035-05-01
ZCN3NLJO,BUPA,Active,2021-01-02,2034-08-01
RRTOHGS2,Aviva,Active,2027-01-07,2045-10-22
RC63L7TQ,AXA PPP,Closed,2032-05-07,2032-06-18
IQ3T9LO3,AXA PPP,Active,2007-04-08,2025-06-29
MQHLHPUG,WPA,Active,2000-07-12,2015-05-27
6Q077EPL,AXA PPP,Closed,2026-06-15,2038-11-03
Y1FN2FBK,WPA,Active,2008-12-13,2043-01-17
149YCV8Z,WPA,Closed,2017-05-18,2036-01-11
JF76Z9YH,Aviva,Closed,2032-05-14,2032-11-03
UA6DENRT,AXA PPP,Closed,2014-04-11,2031-06-06
SREY2XI4,Saga,Active,2012-11-13,2014-10-19
3ETBLXMZ,WPA,Closed,2042-12-08,2045-09-14
ST7LBZ74,Aviva,Active,2001-07-13,2018-08-01
972DI035,Aviva,Closed,2042-02-09,2043-04-21
OYIDSFIX,WPA,Closed,2007-10-09,2012-10-28
1JWB3ALS,BUPA,Active,2030-10-08,2033-10-23
CEXXI3ST,Saga,Closed,2036-01-13,2045-07-31
UAR87NJB,Saga,Closed,2041-01-03,2045-05-14
N1ZLHV36,WPA,Closed,2035-03-17,2045-12-28
4W5O5FUA,BUPA,Active,2035-09-18,2041-03-05
6NM19ALD,Saga,Active,2018-01-25,2025-12-25
8YKUUO7G,BUPA,Active,2013-03-06,2030-03-05
EIMJZLHB,AXA PPP,Closed,2030-06-23,2042-02-22
R6PHS5D7,WPA,Active,2007-09-14,2021-03-28
RHVOJB5L,BUPA,Closed,2017-10-13,2021-04-12
2PTITF51,Aviva,Active,2032-02-11,2041-01-14
06LFEHRQ,Saga,Active,2014-02-17,2043-07-10
O8FCMRPN,BUPA,Active,2039-09-23,2041-01-12
MLT3UCT2,WPA,Active,2040-03-06,2042-12-10
BXARRHNU,Saga,Active,2041-01-15,2042-06-16
H4D45ERN,AXA PPP,Active,2010-09-06,2045-12-16
IJC9ER49,AXA PPP,Closed,2005-06-02,2020-05-21
CBOIVTL7,Saga,Active,2005-09-18,2020-08-26
FKP97PEB,BUPA,Active,2030-07-26,2037-12-19
JHSBRAOQ,Saga,Closed,2007-07-08,2018-03-06
04EW56ZU,AXA PPP,Active,2030-08-24,2044-07-18
MW9R2BKV,Aviva,Active,2023-07-20,2038-02-03
R27D5Q96,Saga,Closed,2038-05-21,2045-03-31
605GCNVO,WPA,Closed,2009-12-31,2033-12-25
PJOF3RO1,WPA,Active,2015-12-05,2036-03-06
7ZVUYRG2,BUPA,Closed,2021-08-30,2033-01-21
NPI5BIHM,AXA PPP,Active,2042-11-24,2045-10-25
HKQR36UK,Aviva,Closed,2014-04-22,2041-02-05
VVVDFDE2,Saga,Active,2042-03-22,2045-06-28
888YRE47,AXA PPP,Closed,2015-01-04,2030-12-05
NB7WN73S,BUPA,Active,2021-08-29,2030-02-10
8LD2ESDC,Aviva,Closed,2028-02-01,2033-08-02
3FYWSAG2,WPA,Closed,2035-09-30,2036-11-30
PEL4DIQ7,WPA,Closed,2018-08-21,2024-07-23
A0NNB9SN,Saga,Active,2029-04-23,2031-11-26
TX9YFL87,Aviva,Closed,2020-08-13,2037-02-05
2BID16LA,WPA,Active,2030-08-07,2033-04-30
1YT25FCG,Aviva,Active,2022-06-22,2045-09-03
38RBTGMY,AXA PPP,Active,2033-12-16,2042-10-04
G4CI4VOM,AXA PPP,Active,2035-02-11,2039-04-21
8GUG3BFF,WPA,Closed,2001-06-11,2036-03-23
U3542LIV,Aviva,Active,2039-11-11,2044-08-24
PX6RA3X7,AXA PPP,Closed,2037-05-17,2044-01-29
KQ06RSZC,BUPA,Active,2044-08-05,2045-10-30
O4B7GFMF,BUPA,Active,2035-01-24,2039-04-21
M9V3XUQ8,Aviva,Closed,2044-12-07,2045-04-14
A8SR6YSN,WPA,Closed,2016-07-24,2022-12-31
ZMO6ZB1U,Aviva,Closed,2033-11-11,2035-04-21
L53V6EK3,Aviva,Closed,2017-01-26,2032-07-25
9RW39EDM,BUPA,Closed,2018-01-10,2035-05-25
L5DZPFJF,BUPA,Active,2034-01-22,2037-02-17
MHSQ2D4C,AXA PPP,Closed,2042-10-14,2043-04-09
8F5A09SH,WPA,Active,2042-09-08,2043-05-16
P3U78LJG,BUPA,Active,2028-04-13,2032-03-21
7POULJ8D,BUPA,Closed,2045-03-06,2045-09-23
UXKSFX8T,Saga,Closed,2004-01-06,2030-08-10
3ZBIA60D,BUPA,Closed,2023-04-29,2025-12-29
W2AXAIYY,Saga,Active,2008-10-13,2017-01-24
ZQI6LVFO,BUPA,Active,2040-03-31,2042-10-07
8NRGWCNN,WPA,Closed,2015-04-03,2044-09-03
O1WJ1MVJ,AXA PPP,Closed,2012-05-06,2041-11-22
0B98TPLC,Aviva,Closed,2034-11-04,2036-10-06
FWLFFT3M,WPA,Active,2035-04-27,2040-12-25
8LYWR28N,AXA PPP,Closed,2044-12-08,2045-10-25
R2XL43BZ,AXA PPP,Closed,2025-08-22,2031-05-12
KXL1FA0A,AXA PPP,Closed,2022-02-25,2028-07-12
MPSBTZ0Y,AXA PPP,Closed,2001-07-23,2014-10-07
Z6EED5G5,AXA PPP,Active,2043-05-29,2044-09-01
G2589X7H,BUPA,Closed,2006-09-20,2019-08-02
Y9QNJ8DG,AXA PPP,Closed,2035-05-23,2042-06-09
WGKPME4N,BUPA,Active,2020-12-16,2040-06-16
CUV0BLYN,AXA PPP,Active,2014-03-23,2041-08-15
FDDBPB6S,Aviva,Closed,2030-08-18,2036-07-06
VMKNHZB1,WPA,Closed,2020-09-03,2034-08-15
MB1ANZQW,Saga,Active,2015-12-02,2029-03-21
Q7Y6JPSN,WPA,Closed,2035-10-06,2038-11-02
STVDJAN8,BUPA,Closed,2039-01-28,2040-07-27
R6K2I639,Saga,Closed,2009-08-12,2015-08-13
KS68L04X,AXA PPP,Active,2022-07-06,2040-04-04
MXB5KASS,AXA PPP,Active,2034-09-09,2045-07-29
YFJJ4K7P,WPA,Active,2019-04-21,2022-03-14
AEGNIW3X,Saga,Closed,2020-07-01,2038-12-22
H3HRU9F8,AXA PPP,Active,2043-02-02,2043-05-03
3D6MC0DU,Saga,Closed,2020-09-03,2021-07-22
WAH3N7OU,Saga,Active,2029-09-30,2042-08-22
1VZUXXQF,BUPA,Active,2006-05-24,2008-07-28
5KPGLHFP,Saga,Closed,2023-10-05,2031-02-11
IEEC6XXA,WPA,Active,2029-10-19,2032-12-23
IC566C2G,Aviva,Active,2022-06-17,2024-08-21
GBB4HSQY,Aviva,Active,2012-09-02,2017-05-18
LO2KEJLF,AXA PPP,Active,2025-01-26,2026-11-15
E7C6UHHB,Saga,Active,2000-11-03,2020-01-12
RI4K92ET,Saga,Closed,2045-11-17,2045-12-15
W74LK2K4,Saga,Closed,2033-06-13,2043-05-15
HY5F1501,Aviva,Active,2034-04-10,2036-11-29
5NRM4SXF,WPA,Closed,2036-05-21,2038-05-25
GQ4VRCDQ,AXA PPP,Active,2002-06-06,2044-04-08
APZF86I3,BUPA,Active,2037-03-24,2044-11-07
BS8PMLB6,WPA,Closed,2010-12-30,2034-11-13
WC7E2UYE,BUPA,Closed,2022-12-25,2040-12-26
B8A3YJBM,WPA,Active,2044-10-15,2045-08-14
CMJO0WX6,Saga,Closed,2030-08-17,2041-11-18
6ML08K8J,Aviva,Closed,2026-05-20,2031-09-20
P87U5HGU,Saga,Active,2026-12-05,2037-10-26
9O6VMDNW,Aviva,Closed,2025-06-30,2031-01-20
3OYOZM0D,Aviva,Closed,2005-02-28,2029-01-29
VUHPQR4C,Saga,Active,2020-08-13,2021-10-29
5LUVMM5M,AXA PPP,Closed,2002-10-21,2022-07-13
QFJMMWOT,Aviva,Active,2024-04-19,2033-08-08
EC0GPDI6,WPA,Active,2005-08-22,2033-10-01
HIGDIW7Q,Aviva,Closed,2001-06-14,2008-01-29
9RVWVQXO,WPA,Active,2033-02-01,2037-06-04
XWNKRCIX,Saga,Closed,2012-06-08,2014-03-24
XSB5X5Y8,BUPA,Active,2006-10-09,2040-04-10
JGVYHKJ3,Saga,Active,2032-07-12,2033-02-18
R2J311TM,WPA,Closed,2040-11-04,2044-11-24
LBXWQPWO,BUPA,Closed,2029-11-11,2040-10-13
AX6W5A5E,AXA PPP,Closed,2042-06-10,2045-06-11
T02ZP4LG,Saga,Active,2030-10-08,2043-02-19
JEFWFGW8,WPA,Closed,2025-05-09,2031-09-25
4KGXGI8R,Saga,Closed,2040-03-11,2043-09-26
TZJOB2QD,Aviva,Active,2011-04-28,2019-02-22
4FE7RS2J,WPA,Closed,2000-03-08,2041-03-09
T82H5CW4,Saga,Active,2000-08-20,2001-09-07
GC0ARUX2,Aviva,Active,2018-05-28,2028-12-07
SCTS578X,WPA,Closed,2040-07-07,2043-03-12
D52VLQ2C,AXA PPP,Active,2037-12-28,2040-12-22
0B62VK5P,BUPA,Closed,2022-08-18,2023-12-18
OR7U6P2Y,Aviva,Closed,2014-10-07,2029-11-05
RNPPXNKE,Saga,Active,2008-09-03,2023-02-09
XGI6L9SR,Saga,Closed,2032-06-18,2042-10-18
0ELXXRDF,WPA,Closed,2007-08-31,2009-12-26
L83TAFS2,Saga,Active,2029-07-26,2038-08-25
WX8QL04Y,AXA PPP,Active,2029-05-07,2031-09-09
EYA0J1OD,WPA,Active,2038-02-26,2045-05-21
GQ1H43GB,BUPA,Active,2021-01-13,2021-03-14
1LB0QBYV,Saga,Active,2002-10-26,2045-09-05
UBDSRYQC,Aviva,Closed,2028-02-28,2034-06-05
8SEC2R08,Saga,Active,2032-03-11,2034-08-31
SFSM1NKF,AXA PPP,Active,2032-12-12,2036-07-05
RQ7TKEP9,Aviva,Closed,2034-01-24,2042-12-06
DAPVW2VK,WPA,Active,2036-08-16,2044-05-17
ZKJXFEDO,BUPA,Active,2012-01-28,2029-10-11
3DYAVRMV,BUPA,Active,2003-10-18,2015-01-16
X6NVJ3OB,BUPA,Active,2014-07-30,2016-03-27
QKVL5M60,WPA,Active,2007-02-06,2023-04-26
69QG1Z72,BUPA,Closed,2002-02-16,2037-06-24
1MFNDQOL,Saga,Closed,2040-03-11,2045-10-12
I6PIPZ0L,AXA PPP,Closed,2039-05-23,2042-05-22
8H9SV5TA,WPA,Active,2002-01-28,2015-08-10
L19ZFDOA,Aviva,Closed,2008-06-02,2014-06-09
EDLVVGSS,AXA PPP,Active,2036-05-15,2042-07-15
HBWUDAK7,AXA PPP,Closed,2010-06-14,2024-02-28
6KCM0K1G,WPA,Active,2025-09-14,2037-03-11
MLMZZ1OP,WPA,Closed,2001-07-23,2041-11-25
W36LP02E,Aviva,Active,2019-11-23,2020-06-03
X4FVAEIX,BUPA,Closed,2022-05-13,2036-06-20
9NSHCLW0,AXA PPP,Active,2017-10-21,2024-01-10
EBEJFVV6,BUPA,Active,2043-12-26,2045-12-31
T4BYVJPW,AXA PPP,Active,2036-07-11,2038-12-31
UA1ZBH7O,AXA PPP,Closed,2003-08-02,2020-06-20
413IAL5S,Saga,Active,2015-11-15,2021-01-19
7W0CXCYH,AXA PPP,Active,2008-03-30,2028-04-15
DW0BNAIB,Saga,Closed,2017-11-07,2025-02-23
UVDPVZUC,Saga,Active,2016-10-11,2037-11-29
0G3I1O73,BUPA,Active,2040-02-12,2044-07-18
RY0ERA78,Aviva,Closed,2014-09-05,2019-05-24
SB84LTS3,WPA,Active,2024-04-24,2037-12-18
49MGR0DZ,WPA,Active,2024-05-04,2040-12-14
ERGTPWRB,Saga,Closed,2031-02-10,2040-06-16
HZFFZQ7H,BUPA,Closed,2026-10-01,2044-02-03
4PGWPHRK,WPA,Closed,2044-11-10,2045-09-10
L1OQJMLG,BUPA,Closed,2001-03-17,2022-08-19
WVCXSUS6,WPA,Active,2036-09-02,2045-01-21
SNZ0CE44,BUPA,Closed,2033-08-13,2043-11-29
K82EG6PV,AXA PPP,Active,2002-01-10,2040-02-28
Z2DK5KPP,WPA,Closed,2004-03-04,2038-06-15
QYINK4KA,Saga,Active,2008-08-23,2043-08-15
ZAPJCJFE,BUPA,Active,2026-04-21,2044-11-25
ZHSPIEZ7,Aviva,Closed,2012-07-30,2024-07-20
U1YFUJH6,AXA PPP,Closed,2013-11-22,2045-11-03
BZKTGUS5,Saga,Active,2022-06-29,2029-11-28
SLVSWX5Q,Aviva,Closed,2011-06-10,2023-09-17
ECVSD2BX,WPA,Closed,2011-04-10,2039-07-15
BFYBGNKL,Aviva,Active,2039-12-04,2040-04-17
37OC7RHQ,Aviva,Active,2015-02-11,2015-05-13
NPAEGYVB,AXA PPP,Active,2003-04-01,2027-09-30
RIYOXRBE,Saga,Closed,2043-10-19,2044-08-26
SBXTDWPP,Saga,Closed,2018-03-05,2036-03-09
UEL6DW3L,WPA,Closed,2017-03-03,2024-11-29
JPOJWR47,Saga,Closed,2036-04-15,2037-01-08
V5ATIRSG,Saga,Closed,2013-08-13,2038-03-28
NHIP9DPA,Aviva,Active,2015-10-10,2042-11-28
60533ZPY,Saga,Active,2001-10-22,2016-06-15
ZJOIBKB3,WPA,Closed,2036-04-06,2042-04-01
YPB06L7K,Aviva,Closed,2020-06-03,2022-03-27
IBR75STD,AXA PPP,Closed,2040-04-20,2040-10-17
NZK5W27V,Saga,Closed,2011-03-12,2039-03-27
OUOPTMU5,Saga,Active,2043-08-09,2044-02-27
SFJ61WIJ,AXA PPP,Closed,2039-02-07,2041-08-01
T2QYI0QL,Saga,Active,2004-06-08,2032-03-21
R4EGLQ3C,BUPA,Closed,2040-08-17,2041-07-07
3IBRPB95,Saga,Closed,2015-05-10,2040-11-25
9F5VOPOI,WPA,Active,2023-09-30,2026-06-27
NICUS65B,BUPA,Closed,2009-11-03,2041-09-24
JOEPR11T,Saga,Closed,2036-04-08,2039-06-11
WAGFPEIG,Aviva,Active,2027-11-21,2029-07-04
O66J34NX,BUPA,Active,2024-11-27,2034-09-02
94O0NQL4,BUPA,Closed,2034-06-04,2038-06-02
KWXIJAOP,AXA PPP,Active,2038-11-04,2040-12-09
7NW7HA7G,BUPA,Active,2035-11-06,2042-01-15
E31UZQ2Q,AXA PPP,Closed,2009-09-29,2010-06-13
EGXCCPRN,Aviva,Closed,2029-06-21,2039-03-24
1E1AZTEW,AXA PPP,Closed,2006-05-15,2041-03-11
YUSTG2OD,Aviva,Active,2043-06-15,2043-10-07
HNT7O3QD,Saga,Closed,2021-12-22,2023-08-09
9TCLVRRO,WPA,Active,2009-02-26,2038-10-05
W171874H,Saga,Closed,2016-02-17,2030-04-11
W77464NS,Aviva,Active,2016-11-15,2043-06-07
YFRPS5C7,BUPA,Active,2002-09-23,2003-04-19
61RG3L9Y,BUPA,Active,2038-02-02,2043-03-26
OXK8ZHQ2,WPA,Active,2036-05-13,2036-06-20
NZXRNCO2,Aviva,Closed,2014-06-27,2028-09-08
1OO4CHUO,Aviva,Closed,2032-03-26,2035-03-12
DDY14D2N,Aviva,Closed,2024-10-09,2035-05-18
OMW3VSIZ,Aviva,Closed,2040-06-03,2040-06-08
EAYVMGES,Aviva,Active,2007-09-23,2017-03-24
4WX5JXE7,WPA,Closed,2015-02-09,2042-08-07
DRYC8I0M,BUPA,Closed,2033-09-18,2037-12-07
GU2ACREB,Aviva,Closed,2013-04-16,2015-05-03
BBSV52A4,AXA PPP,Closed,2003-03-01,2042-04-26
JDS2096X,AXA PPP,Active,2025-01-20,2044-02-27
T5T5R75I,Saga,Closed,2042-05-28,2043-06-07
F057TRXF,Aviva,Closed,2034-06-05,2045-10-22
KQGP5T3Y,Saga,Active,2025-08-06,2039-09-13
EPFOA08N,WPA,Active,2019-04-26,2030-09-04
K128EA8L,BUPA,Closed,2026-08-29,2032-07-02
SSGL0GGQ,AXA PPP,Closed,2005-06-08,2026-01-18
1720U3ZL,AXA PPP,Closed,2006-08-03,2040-04-16
ZSAEIXU2,BUPA,Closed,2001-07-18,2002-12-28
BXPU7ZOS,Saga,Closed,2034-10-20,2043-06-28
4TXFV7X7,AXA PPP,Closed,2003-05-31,2004-09-13
3V46USGE,Saga,Closed,2013-10-15,2026-02-21
7M3LWMLB,Aviva,Closed,2001-01-04,2037-02-09
72YD3E3K,Saga,Closed,2035-01-04,2039-02-01
2JA7G98H,WPA,Closed,2036-03-17,2044-06-05
R2R6MSSI,Aviva,Active,2040-11-04,2041-12-20
0TTYPQT8,AXA PPP,Active,2034-07-02,2039-07-19
HMCW2FB2,AXA PPP,Active,2016-02-27,2042-10-22
Q8NDENCW,WPA,Closed,2013-09-06,2028-10-19
3YFWUEPL,Saga,Active,2033-10-07,2034-10-16
AKEHHL7Y,AXA PPP,Active,2029-06-05,2036-12-07
RCX7TLOQ,BUPA,Active,2011-06-22,2020-06-17
M71QW6IJ,Aviva,Active,2043-07-07,2045-07-12
7YM4P6RC,AXA PPP,Active,2004-10-25,2012-11-15
R2U86VIN,Aviva,Active,2038-08-29,2040-06-16
K5MX8A2I,BUPA,Active,2037-09-06,2037-09-19
4PMK5VMG,AXA PPP,Active,2012-02-05,2028-07-10
LJ9MA0P9,AXA PPP,Closed,2030-01-12,2040-12-04
94AXOUSE,BUPA,Closed,2033-04-12,2042-08-31
V6YHNOZV,Saga,Closed,2018-03-27,2033-08-27
U9O0T85E,Aviva,Closed,2006-04-04,2006-04-05
861RGY8I,WPA,Closed,2009-11-22,2026-09-19
6XJZU97O,BUPA,Closed,2037-02-19,2041-11-22
X7QYWLJ0,AXA PPP,Closed,2033-05-27,2044-05-15
ZYIA66OV,WPA,Closed,2018-03-17,2018-10-07
FHZ3BHK6,BUPA,Closed,2014-08-26,2018-09-30
BC6J3J67,Aviva,Active,2010-09-09,2020-01-22
4EB5LRG5,Saga,Closed,2020-03-13,2029-08-09
WP53FVII,Saga,Closed,2043-09-05,2045-10-18
LTBCRODG,AXA PPP,Active,2037-06-09,2039-04-02
OQNOFFBB,Aviva,Active,2019-08-05,2029-04-10
B90S8WD4,BUPA,Active,2013-11-26,2023-11-03
7LCONJBT,BUPA,Active,2002-06-08,2023-12-01
AFZUNFW2,Aviva,Active,2014-07-10,2019-05-22
GC50WB6T,Saga,Active,2000-07-15,2037-05-05
2NR6KFAQ,AXA PPP,Closed,2007-10-08,2010-04-18
WHZ5N5X9,Aviva,Active,2007-08-01,2032-01-25
IDED60U7,WPA,Closed,2022-11-04,2029-07-12
BX005CX0,BUPA,Active,2013-04-11,2034-11-09
F2HER505,WPA,Active,2006-11-18,2045-04-28
AQSF29EM,AXA PPP,Closed,2010-03-05,2034-05-22
PISCW1W7,BUPA,Closed,2007-12-25,2035-01-28
IRQYJQJE,Saga,Closed,2036-03-09,2037-05-28
0TVKHY9K,Saga,Active,2041-05-27,2043-07-06
FOH3WUS2,BUPA,Closed,2032-01-31,2039-01-01
UAW40IOZ,Saga,Closed,2036-07-12,2044-11-01
FDZ1S3VH,AXA PPP,Active,2045-09-26,2045-12-20
25PISACX,Saga,Active,2043-01-25,2044-10-10
Z1M6ZK7A,BUPA,Closed,2016-03-22,2023-07-16
SZNKGN2J,WPA,Closed,2040-03-01,2040-04-02
DJY9F0B1,WPA,Closed,2013-09-08,2031-03-11
JV21H11U,Saga,Active,2000-11-30,2040-08-08
BX2VLW1O,WPA,Closed,2002-06-16,2044-02-07
WKS1I8MT,Saga,Closed,2032-08-30,2039-05-22
2X5IH7N1,WPA,Active,2017-10-25,2025-12-09
X8SBMUIJ,Saga,Active,2036-10-16,2045-08-05
9TXH4VMO,AXA PPP,Closed,2013-04-15,2013-12-22
PZJGYZ95,BUPA,Closed,2022-02-03,2038-07-04
O9L9ITSQ,Aviva,Active,2019-02-03,2026-01-30
2WQJDIAI,Saga,Closed,2011-10-05,2017-04-01
8NVGHE41,WPA,Closed,2018-04-19,2044-07-18
5ZRS6I4S,AXA PPP,Active,2001-12-27,2034-07-04
CIBO0YHG,BUPA,Active,2016-12-28,2020-09-30
R8EFGGLP,Saga,Closed,2025-07-25,2045-11-27
XTRBQCYJ,AXA PPP,Active,2022-07-26,2043-02-28
GZ4JOUNC,Saga,Active,2008-04-02,2040-07-11
ZOS3M7EY,BUPA,Closed,2016-11-01,2023-06-06
D5C47OTB,Saga,Active,2009-11-06,2011-07-07
9O12AXKW,AXA PPP,Active,2014-01-09,2014-07-03
43SJANCJ,Saga,Closed,2013-09-27,2042-07-31
16WUC8RI,BUPA,Active,2026-04-04,2031-07-15
9OE6QTEA,BUPA,Closed,2035-08-11,2045-04-21
ORVT1M5N,WPA,Active,2007-10-11,2022-05-14
6YBHJPF9,BUPA,Closed,2031-11-23,2044-02-22
MUG22OWA,AXA PPP,Active,2031-10-19,2042-03-08
9WPEYK84,BUPA,Active,2041-08-20,2045-10-06
4CLQ42EA,BUPA,Active,2006-05-25,2040-10-13
YIMWMZD2,AXA PPP,Active,2030-12-17,2041-10-10
4GFJS714,BUPA,Closed,2008-07-15,2032-07-03
4AZV40FB,BUPA,Closed,2040-10-20,2042-06-17
ENANIHN6,Aviva,Active,2017-03-05,2037-02-09
E0IZPG3O,Saga,Closed,2017-09-06,2029-05-26
8X8SW61V,Saga,Closed,2005-03-12,2021-05-12
G9PYX1K4,BUPA,Closed,2038-11-17,2040-02-29
6Z6FYVOF,WPA,Closed,2042-04-20,2045-12-04
7VRDGHBQ,WPA,Active,2002-07-19,2008-08-26
N2MGFSV3,BUPA,Closed,2008-02-23,2024-12-24
MHFE487S,Saga,Active,2018-02-20,2044-04-29
HRBPW39U,AXA PPP,Closed,2000-08-02,2009-11-04
3VBNWGHO,WPA,Closed,2039-05-29,2043-05-21
2N4QVF6B,Saga,Closed,2002-10-18,2014-03-10
1FZE2NRA,WPA,Closed,2004-04-07,2037-03-11
6WDPUM9A,WPA,Closed,2035-11-08,2041-10-17
3N2W1Z32,Saga,Closed,2007-05-20,2016-04-22
0G1XMNNB,Aviva,Closed,2016-09-15,2029-02-15
HW8KWFIM,Saga,Closed,2009-05-23,2009-06-30
HH0KQHYP,Aviva,Active,2045-08-14,2045-09-21
5W9G3BTH,Saga,Active,2010-12-28,2014-12-01
DQOBS4PW,AXA PPP,Closed,2025-09-27,2034-09-08
O6LUPYMA,BUPA,Closed,2014-11-26,2043-05-02
EDM9ZOCW,BUPA,Active,2039-08-24,2042-08-08
12MTFG98,Saga,Closed,2040-07-24,2040-08-11
1QDI63DJ,BUPA,Active,2007-04-11,2011-07-15
6UJWG1ZY,Aviva,Closed,2009-06-29,2011-02-20
QO7KP4HL,Aviva,Closed,2017-03-24,2035-08-05
JPBA1HMJ,AXA PPP,Closed,2044-06-27,2045-05-26
KEBBBUCG,Saga,Closed,2034-06-05,2042-10-30
DFBZP2KZ,Saga,Active,2045-06-29,2045-08-17
JKN85Z9I,Saga,Closed,2041-07-21,2044-04-29
1194KY0Q,Aviva,Active,2011-01-19,2013-02-24
BEV056CG,BUPA,Closed,2005-09-22,2034-08-03
FR9G2BZY,Saga,Active,2030-02-06,2044-10-07
LQTY8UUG,WPA,Active,2041-11-21,2045-07-31
6CVGOYGH,WPA,Closed,2041-05-20,2041-12-17
X2FAV90S,WPA,Closed,2039-01-09,2039-05-22
UEZQ4YW0,Saga,Closed,2002-04-25,2007-05-09
PAQUEI85,AXA PPP,Active,2004-12-12,2007-02-01
DT7JINBL,Aviva,Closed,2029-01-28,2032-04-17
GBBHDGXW,AXA PPP,Active,2011-03-30,2023-06-08
WRT907KA,WPA,Active,2000-08-20,2040-09-19
TLUSRC8X,Aviva,Active,2013-08-24,2014-06-24
6BF0VB68,WPA,Active,2008-08-29,2013-02-11
8AV9A7RY,Saga,Closed,2040-05-19,2043-02-08
4ORGQQG9,WPA,Closed,2013-12-25,2036-04-17
KN2CGSZG,AXA PPP,Active,2042-09-10,2045-02-09
STXYF8E2,WPA,Closed,2001-01-11,2005-09-22
2Y6XZSRZ,BUPA,Closed,2041-05-14,2044-04-22
Y91OL4TY,BUPA,Active,2040-08-27,2042-09-05
D6AP6VH0,Saga,Closed,2008-10-11,2032-07-27
70HMWO4A,WPA,Closed,2040-01-15,2045-03-27
7RPJQ4EV,BUPA,Active,2027-09-21,2030-08-08
ZZMP93M4,Aviva,Active,2007-03-25,2019-04-29
NPEY19U6,Saga,Active,2015-04-28,2038-10-15
D7G0SQDC,AXA PPP,Closed,2019-04-12,2033-12-19
UULB7GNC,Saga,Active,2030-11-09,2031-01-12
K1FVXUVY,WPA,Active,2040-07-26,2043-05-31
A2W0DWVY,WPA,Closed,2029-09-24,2042-02-12
EJKKPC0N,Aviva,Closed,2041-10-16,2042-09-27
KZ8SROE5,AXA PPP,Active,2029-12-21,2041-12-02
N31YTFTO,Saga,Closed,2021-11-09,2022-07-18
N9ZSRJXZ,Saga,Active,2003-06-30,2015-09-08
82CEWI5I,Saga,Active,2031-09-27,2038-05-18
7WBCHM81,AXA PPP,Closed,2009-09-30,2033-04-13
FVK56JP5,WPA,Active,2003-09-29,2011-07-11
AZS4B4Q1,Aviva,Closed,2036-02-08,2037-09-27
AAIU7IC1,Saga,Active,2018-06-10,2040-01-31
4PQLCEKZ,Aviva,Closed,2033-11-22,2038-11-19
TJIMQ08P,Aviva,Closed,2013-09-03,2015-08-03
CSG7LYD1,WPA,Active,2016-01-31,2042-12-06
GEJM0L6G,Saga,Closed,2044-08-27,2044-09-04
Z11RLEJV,BUPA,Closed,2031-10-29,2036-11-17
W120SSFP,BUPA,Active,2027-12-02,2031-04-19
90L2E4G7,AXA PPP,Active,2032-07-11,2042-11-19
Z8QXJXAR,AXA PPP,Closed,2045-06-14,2045-08-05
WKUQDN0U,BUPA,Closed,2042-02-07,2045-01-21
F45PNHAT,BUPA,Closed,2006-03-03,2019-10-29
WQXA4FKX,Aviva,Active,2019-08-22,2029-12-19
WMKHSS1I,Saga,Active,2037-01-19,2042-08-30
QBTAWQ7N,BUPA,Active,2025-09-21,2041-12-04
Q6AJQU5P,Saga,Active,2004-02-14,2005-11-07
II1R7HKS,Saga,Active,2026-05-15,2029-07-09
9TAYXISI,AXA PPP,Closed,2044-08-25,2045-02-16
BS0MNJJY,Saga,Closed,2021-11-06,2023-02-09
TANPAJZN,WPA,Active,2038-09-28,2039-02-08
IELRV9K9,Aviva,Closed,2000-12-27,2044-06-12
NH5H0RB4,AXA PPP,Active,2016-04-06,2031-05-22
XCNKE1YE,WPA,Active,2000-05-16,2030-06-30
RHO8DO6Z,BUPA,Closed,2001-05-16,2028-09-09
33DH5JL1,Saga,Closed,2021-11-22,2041-08-09
6PUL0DVX,Saga,Active,2008-12-04,2039-01-28
QUG298N2,Aviva,Active,2040-03-18,2043-09-24
J0NWMVIA,AXA PPP,Closed,2024-09-23,2040-03-25
H9YB0HNY,WPA,Closed,2042-07-29,2044-07-26
PF9D7DUX,BUPA,Closed,2017-04-12,2038-03-11
U45CIPXQ,Saga,Active,2027-02-02,2029-07-23
GNOMN9OY,Aviva,Active,2022-08-03,2027-06-20
X1LH7LBY,BUPA,Active,2005-06-12,2033-07-25
LBF927WH,Aviva,Closed,2019-09-23,2039-07-28
SE0UPHIY,WPA,Closed,2000-09-07,2024-06-08
77RZT4GD,BUPA,Closed,2025-04-09,2035-04-10
N01H8NXT,Aviva,Active,2019-04-20,2035-01-31
CO2ND37A,AXA PPP,Active,2044-10-29,2045-11-06
M060DUNJ,AXA PPP,Closed,2021-06-09,2025-02-23
L4L3EDT1,Saga,Active,2037-09-18,2045-08-21
6VZ5LPRE,WPA,Closed,2045-06-08,2045-09-04
D2GKACMX,AXA PPP,Closed,2021-12-12,2025-03-11
